Workbook

Sheet Rivers
A1: River ID | B1: River name | C1: Latitude | D1: Longitude | E1: Country | F1: Region | G1: Continent | H1: Ocean Basin | I1: Monthly discharge (Qm) (m3/s) | U1: interannual mean discharge (Qa=ΣQm / 12) (m3/s) | V1: enviromental discharge (Qe=Qa*0.3) (m3/s) | W1: Extraction Factor (EF) | X1: Design flow (Qd=Qa*EF) (m3/s) | Y1: Extractable discharge (Qex_m) (m3/s) Extractable discharge depends on the monthly discharge (Qm), the environmental discharge (Qe), and the design flow (Qd). | AK1: Actual extractable water volume per year (Qreal=ΣQex_m) (m3/s) | AL1: Capacity factor (CF=Qreal/Qideal) (%)
I2: January | J2: February | K2: March | L2: April | M2: May | N2: June | O2: July | P2: August | Q2: September | R2: October | S2: November | T2: December | Y2: January | Z2: February | AA2: March | AB2: April | AC2: May | AD2: June | AE2: July | AF2: August | AG2: September | AH2: October | AI2: November | AJ2: December
A3: 1 | B3: Amazon | C3: 0.68242948 | D3: -50.229459 | E3: Brazil | F3: South America | G3: South America | H3: North Atlantic Ocean | I3: 164117.08 | J3: 199312.09 | K3: 235125.97 | L3: 263221.09 | M3: 271534.16 | N3: 254402.41 | O3: 230343.61 | P3: 197705.2 | Q3: 157301.06 | R3: 120599.55 | S3: 114736.24 | T3: 132568.95 | U3: =AVERAGE(I3:T3) -> 195080.62 | V3: =U3*0.3 -> 58524.185 | W3: 28 | X3: =W3/100*U3 -> 54622.573 | Y3: 54622.574 | Z3: 54622.574 | AA3: 54622.574 | AB3: 54622.574 | AC3: 54622.574 | AD3: 54622.574 | AE3: 54622.574 | AF3: 54622.574 | AG3: 54622.574 | AH3: 54622.574 | AI3: 54622.574 | AJ3: 54622.574 | AK3: =SUM(Y3:AJ3) -> 655470.89 | AL3: =AK3/(X3*12)*100 -> 100
A4: 2 | B4: Congo | C4: -6.0787368 | D4: 12.395383 | E4: Angola | F4: Middle Africa | G4: Africa | H4: South Atlantic Ocean | I4: 47804.82 | J4: 37844.254 | K4: 34501.34 | L4: 36837.637 | M4: 38470.391 | N4: 35900.203 | O4: 31155.527 | P4: 30699.984 | Q4: 35949.352 | R4: 42605.926 | S4: 51330.012 | T4: 55939.719 | U4: =AVERAGE(I4:T4) -> 39919.93 | V4: =U4*0.3 -> 11975.979 | W4: 46 | X4: =W4/100*U4 -> 18363.168 | Y4: 18363.17 | Z4: 18363.17 | AA4: 18363.17 | AB4: 18363.17 | AC4: 18363.17 | AD4: 18363.17 | AE4: 18363.17 | AF4: 18363.17 | AG4: 18363.17 | AH4: 18363.17 | AI4: 18363.17 | AJ4: 18363.17 | AK4: =SUM(Y4:AJ4) -> 220358.04 | AL4: =AK4/(X4*12)*100 -> 100.00001
A5: 3 | B5: Orinoco | C5: 8.6194309 | D5: -60.716021 | E5: Venezuela | F5: South America | G5: South America | H5: North Atlantic Ocean | I5: 13188.122 | J5: 8861.2324 | K5: 7248.3765 | L5: 9063.8623 | M5: 19590.602 | N5: 35793.672 | O5: 53039.289 | P5: 65229.184 | Q5: 62182.836 | R5: 46353.078 | S5: 31943.396 | T5: 21467.197 | U5: =AVERAGE(I5:T5) -> 31163.404 | V5: =U5*0.3 -> 9349.0212 | W5: 72 | X5: =W5/100*U5 -> 22437.651 | Y5: 3839.1006 | Z5: 0 | AA5: 0 | AB5: 0 | AC5: 10241.58 | AD5: 22437.65 | AE5: 22437.65 | AF5: 22437.65 | AG5: 22437.65 | AH5: 22437.65 | AI5: 22437.65 | AJ5: 12118.176 | AK5: =SUM(Y5:AJ5) -> 160824.76 | AL5: =AK5/(X5*12)*100 -> 59.730242
A6: 4 | B6: Changjiang | C6: 30.272075 | D6: 120.79868 | E6: China | F6: Eastern Asia | G6: Asia | H6: North Pacific Ocean | I6: 9879.6875 | J6: 11218.508 | K6: 16066.704 | L6: 22486.77 | M6: 32156.129 | N6: 38957.23 | O6: 44882.391 | P6: 43391.727 | Q6: 39857.477 | R6: 33626.625 | S6: 23611.127 | T6: 13442.908 | U6: =AVERAGE(I6:T6) -> 27464.774 | V6: =U6*0.3 -> 8239.4321 | W6: 5 | X6: =W6/100*U6 -> 1373.2387 | Y6: 1373.2386 | Z6: 1373.2386 | AA6: 1373.2386 | AB6: 1373.2386 | AC6: 1373.2386 | AD6: 1373.2386 | AE6: 1373.2386 | AF6: 1373.2386 | AG6: 1373.2386 | AH6: 1373.2386 | AI6: 1373.2386 | AJ6: 1373.2386 | AK6: =SUM(Y6:AJ6) -> 16478.863 | AL6: =AK6/(X6*12)*100 -> 99.999994
A7: 5 | B7: Brahmaputra | C7: 22.410302 | D7: 91.075887 | E7: Bangladesh | F7: Southern Asia | G7: Asia | H7: Indian Ocean | I7: 6100.2915 | J7: 4510.332 | K7: 4070.5964 | L7: 5698.248 | M7: 9980.5576 | N7: 19485.889 | O7: 33876.707 | P7: 45211.961 | Q7: 41641.328 | R7: 36112.414 | S7: 23611.361 | T7: 10365.971 | U7: =AVERAGE(I7:T7) -> 20055.471 | V7: =U7*0.3 -> 6016.6414 | W7: 67 | X7: =W7/100*U7 -> 13437.166 | Y7: 83.650391 | Z7: 0 | AA7: 0 | AB7: 0 | AC7: 3963.9165 | AD7: 13437.165 | AE7: 13437.165 | AF7: 13437.165 | AG7: 13437.165 | AH7: 13437.165 | AI7: 13437.165 | AJ7: 4349.3296 | AK7: =SUM(Y7:AJ7) -> 89019.886 | AL7: =AK7/(X7*12)*100 -> 55.207504
A8: 6 | B8: Mississippi | C8: 29.148376 | D8: -89.248975 | E8: United States | F8: Northern America | G8: North America | H8: North Atlantic Ocean | I8: 18628.621 | J8: 21352.148 | K8: 25386.604 | L8: 27470.746 | M8: 25555.598 | N8: 20423.666 | O8: 15543.308 | P8: 10725.961 | Q8: 8729.7891 | R8: 9052.5371 | S8: 10659.257 | T8: 15165.394 | U8: =AVERAGE(I8:T8) -> 17391.136 | V8: =U8*0.3 -> 5217.3407 | W8: 20 | X8: =W8/100*U8 -> 3478.2272 | Y8: 3478.2271 | Z8: 3478.2271 | AA8: 3478.2271 | AB8: 3478.2271 | AC8: 3478.2271 | AD8: 3478.2271 | AE8: 3478.2271 | AF8: 3478.2271 | AG8: 3478.2271 | AH8: 3478.2271 | AI8: 3478.2271 | AJ8: 3478.2271 | AK8: =SUM(Y8:AJ8) -> 41738.725 | AL8: =AK8/(X8*12)*100 -> 99.999998
A9: 7 | B9: Yenisey | C9: 70.963189 | D9: 83.284515 | E9: Russia | F9: Asiatic Russia | G9: Asia | H9: Arctic Ocean | I9: 6836.1479 | J9: 6874.4268 | K9: 6710.8633 | L9: 6807.2222 | M9: 28720.305 | N9: 78429.586 | O9: 25852.654 | P9: 17296.711 | Q9: 17274.57 | R9: 14170.547 | S9: 7835.8667 | T9: 6645.1147 | U9: =AVERAGE(I9:T9) -> 18621.168 | V9: =U9*0.3 -> 5586.3504 | W9: 5 | X9: =W9/100*U9 -> 931.05839 | Y9: 931.05829 | Z9: 931.05829 | AA9: 931.05829 | AB9: 931.05829 | AC9: 931.05829 | AD9: 931.05829 | AE9: 931.05829 | AF9: 931.05829 | AG9: 931.05829 | AH9: 931.05829 | AI9: 931.05829 | AJ9: 931.05829 | AK9: =SUM(Y9:AJ9) -> 11172.699 | AL9: =AK9/(X9*12)*100 -> 99.999989
A10: 8 | B10: Parana | C10: -34.324424 | D10: -58.4795 | E10: Argentina | F10: South America | G10: South America | H10: South Atlantic Ocean | I10: 15655.203 | J10: 17266.107 | K10: 18210.176 | L10: 18381.732 | M10: 17378.078 | N10: 16651.133 | O10: 16231.979 | P10: 14415.406 | Q10: 13247.189 | R10: 13903.787 | S10: 14549.443 | T10: 14450.283 | U10: =AVERAGE(I10:T10) -> 15861.71 | V10: =U10*0.3 -> 4758.5129 | W10: 53 | X10: =W10/100*U10 -> 8406.7061 | Y10: 8406.7051 | Z10: 8406.7051 | AA10: 8406.7051 | AB10: 8406.7051 | AC10: 8406.7051 | AD10: 8406.7051 | AE10: 8406.7051 | AF10: 8406.7051 | AG10: 8406.7051 | AH10: 8406.7051 | AI10: 8406.7051 | AJ10: 8406.7051 | AK10: =SUM(Y10:AJ10) -> 100880.46 | AL10: =AK10/(X10*12)*100 -> 99.999988
A11: 9 | B11: Lena | C11: 72.558999 | D11: 129.23341 | E11: Russia | F11: Asiatic Russia | G11: Asia | H11: Arctic Ocean | I11: 3062.7576 | J11: 2436.094 | K11: 1899.5377 | L11: 1550.8582 | M11: 7358.5303 | N11: 73883.031 | O11: 39625.434 | P11: 27380.34 | Q11: 24924.809 | R11: 14800.756 | S11: 3686.3613 | T11: 3148.4214 | U11: =AVERAGE(I11:T11) -> 16979.744 | V11: =U11*0.3 -> 5093.9233 | W11: 100 | X11: =W11/100*U11 -> 16979.744 | Y11: 0 | Z11: 0 | AA11: 0 | AB11: 0 | AC11: 2264.6069 | AD11: 16979.744 | AE11: 16979.744 | AF11: 16979.744 | AG11: 16979.744 | AH11: 9706.832 | AI11: 0 | AJ11: 0 | AK11: =SUM(Y11:AJ11) -> 79890.415 | AL11: =AK11/(X11*12)*100 -> 39.208686
A12: 10 | B12: Mekong | C12: 9.8199719 | D12: 106.51762 | E12: Vietnam | F12: Southeastern Asia | G12: Asia | H12: South China and Easter Archipelagic Seas | I12: 2793.1201 | J12: 2149.3745 | K12: 1807.7325 | L12: 1786.6724 | M12: 2922.5596 | N12: 8942.7891 | O12: 17380.783 | P12: 27390.908 | Q12: 27577.334 | R12: 16108.361 | S12: 8031.4658 | T12: 4265.9014 | U12: =AVERAGE(I12:T12) -> 10096.417 | V12: =U12*0.3 -> 3028.925 | W12: 58 | X12: =W12/100*U12 -> 5855.9217 | Y12: 0 | Z12: 0 | AA12: 0 | AB12: 0 | AC12: 0 | AD12: 5855.9219 | AE12: 5855.9219 | AF12: 5855.9219 | AG12: 5855.9219 | AH12: 5855.9219 | AI12: 5002.541 | AJ12: 1236.9763 | AK12: =SUM(Y12:AJ12) -> 35519.127 | AL12: =AK12/(X12*12)*100 -> 50.545881
A13: 11 | B13: Tocantins | C13: -1.5396851 | D13: -48.878388 | E13: Brazil | F13: South America | G13: South America | H13: South Atlantic Ocean | I13: 13302.817 | J13: 18844.254 | K13: 22507.922 | L13: 22481.84 | M13: 14927.415 | N13: 7337.1875 | O13: 4729.7427 | P13: 3887.0452 | Q13: 3505.3059 | R13: 3610.6501 | S13: 4991.2476 | T13: 8004.9038 | U13: =AVERAGE(I13:T13) -> 10677.528 | V13: =U13*0.3 -> 3203.2583 | W13: 2 | X13: =W13/100*U13 -> 213.55055 | Y13: 213.55055 | Z13: 213.55055 | AA13: 213.55055 | AB13: 213.55055 | AC13: 213.55055 | AD13: 213.55055 | AE13: 213.55055 | AF13: 213.55055 | AG13: 213.55055 | AH13: 213.55055 | AI13: 213.55055 | AJ13: 213.55055 | AK13: =SUM(Y13:AJ13) -> 2562.6066 | AL13: =AK13/(X13*12)*100 -> 99.999999
A14: 12 | B14: Ob | C14: 66.453033 | D14: 71.005041 | E14: Russia | F14: Asiatic Russia | G14: Asia | H14: Arctic Ocean | I14: 4878.6313 | J14: 4149.2183 | K14: 3646.0854 | L14: 3848.7908 | M14: 16077.431 | N14: 33398.926 | O14: 29659.504 | P14: 21902.992 | Q14: 13887.227 | R14: 10514.106 | S14: 6686.7144 | T14: 5566.2119 | U14: =AVERAGE(I14:T14) -> 12851.32 | V14: =U14*0.3 -> 3855.396 | W14: 13 | X14: =W14/100*U14 -> 1670.6716 | Y14: 1023.2354 | Z14: 293.82227 | AA14: 0 | AB14: 0 | AC14: 1670.6716 | AD14: 1670.6716 | AE14: 1670.6716 | AF14: 1670.6716 | AG14: 1670.6716 | AH14: 1670.6716 | AI14: 1670.6716 | AJ14: 1670.6716 | AK14: =SUM(Y14:AJ14) -> 14682.43 | AL14: =AK14/(X14*12)*100 -> 73.23617
... A238: 236 | B238: Kymi | C238: 40.387513 | D238: 16.857027 | E238: Italy | F238: Southern Europe | G238: Europe | H238: Mediterranean Region | I238: 297.21002 | J238: 296.20981 | K238: 286.14905 | L238: 303.55411 | M238: 343.77658 | N238: 358.4678 | O238: 336.57654 | P238: 301.26584 | Q238: 274.0011 | R238: 263.95898 | S238: 275.11588 | T238: 289.49506 | U238: =AVERAGE(I238:T238) -> 302.1484 | V238: =U238*0.3 -> 90.644519 | W238: 57 | X238: =W238/100*U238 -> 172.22459 | Y238: 172.22459 | Z238: 172.22459 | AA238: 172.22459 | AB238: 172.22459 | AC238: 172.22459 | AD238: 172.22459 | AE238: 172.22459 | AF238: 172.22459 | AG238: 172.22459 | AH238: 172.22459 | AI238: 172.22459 | AJ238: 172.22459 | AK238: =SUM(Y238:AJ238) -> 2066.6951 | AL238: =AK238/(X238*12)*100 -> 100
A239: 237 | B239: Sittang | C239: 17.186302 | D239: 96.894033 | E239: Myanmar | F239: Southeastern Asia | G239: Asia | H239: Indian Ocean | I239: NaN | J239: NaN | K239: NaN | L239: NaN | M239: NaN | N239: NaN | O239: NaN | P239: NaN | Q239: NaN | R239: NaN | S239: NaN | T239: NaN | U239: =AVERAGE(I239:T239) -> #DIV/0! | V239: =U239*0.3 -> #DIV/0! | W239: 0 | X239: =W239/100*U239 -> #DIV/0! | Y239: 0 | Z239: 0 | AA239: 0 | AB239: 0 | AC239: 0 | AD239: 0 | AE239: 0 | AF239: 0 | AG239: 0 | AH239: 0 | AI239: 0 | AJ239: 0 | AK239: =SUM(Y239:AJ239) -> 0 | AL239: NaN
A240: 238 | B240: Damodar | C240: 21.909277 | D240: 88.096432 | E240: India | F240: Southern Asia | G240: Asia | H240: Indian Ocean | I240: 32.439026 | J240: 28.463415 | K240: 23.299999 | L240: 21.390244 | M240: 37.275002 | N240: 195.48781 | O240: 698.56097 | P240: 1038.561 | Q240: 941.43903 | R240: 398.46155 | S240: 95.414635 | T240: 45.048782 | U240: =AVERAGE(I240:T240) -> 296.32012 | V240: =U240*0.3 -> 88.896037 | W240: 100 | X240: =W240/100*U240 -> 296.32012 | Y240: 0 | Z240: 0 | AA240: 0 | AB240: 0 | AC240: 0 | AD240: 106.59178 | AE240: 296.3201 | AF240: 296.3201 | AG240: 296.3201 | AH240: 296.3201 | AI240: 6.5186081 | AJ240: 0 | AK240: =SUM(Y240:AJ240) -> 1298.3908 | AL240: =AK240/(X240*12)*100 -> 36.514305
A241: 239 | B241: Minho (Mino) | C241: 41.86529 | D241: -8.8694139 | E241: Portugal | F241: Southern Europe | G241: Europe | H241: North Atlantic Ocean | I241: 742.703 | J241: 869.30835 | K241: 695.94543 | L241: 553.65759 | M241: 384.4682 | N241: 243.98404 | O241: 140.87158 | P241: 96.269638 | Q241: 105.71023 | R241: 174.52188 | S241: 357.60364 | T241: 623.97345 | U241: =AVERAGE(I241:T241) -> 415.75142 | V241: =U241*0.3 -> 124.72543 | W241: 28 | X241: =W241/100*U241 -> 116.4104 | Y241: 116.4104 | Z241: 116.4104 | AA241: 116.4104 | AB241: 116.4104 | AC241: 116.4104 | AD241: 116.4104 | AE241: 16.146149 | AF241: 0 | AG241: 0 | AH241: 49.796448 | AI241: 116.4104 | AJ241: 116.4104 | AK241: =SUM(Y241:AJ241) -> 997.2258 | AL241: =AK241/(X241*12)*100 -> 71.387223
A242: 240 | B242: Nagdong (Nakdon | C242: 35.123292 | D242: 128.95564 | E242: South Korea | F242: Eastern Asia | G242: Asia | H242: North Pacific Ocean | I242: 74.388885 | J242: 98.444443 | K242: 165.52632 | L242: 271.57895 | M242: 188.63158 | N242: 202.64999 | O242: 830.94739 | P242: 559.40002 | Q242: 609.63159 | R242: 224.6842 | S242: 143.52632 | T242: 109.68421 | U242: =AVERAGE(I242:T242) -> 289.92449 | V242: =U242*0.3 -> 86.977347 | W242: 7 | X242: =W242/100*U242 -> 20.294714 | Y242: 0 | Z242: 11.467094 | AA242: 20.294716 | AB242: 20.294716 | AC242: 20.294716 | AD242: 20.294716 | AE242: 20.294716 | AF242: 20.294716 | AG242: 20.294716 | AH242: 20.294716 | AI242: 20.294716 | AJ242: 20.294716 | AK242: =SUM(Y242:AJ242) -> 214.41425 | AL242: =AK242/(X242*12)*100 -> 88.041912
A243: 241 | B243: Patía | C243: 2.5238124 | D243: -78.319381 | E243: Colombia | F243: South America | G243: South America | H243: North Pacific Ocean | I243: 331.76923 | J243: 299.69232 | K243: 289.61539 | L243: 377.81818 | M243: 380.09091 | N243: 266.53845 | O243: 222.30769 | P243: 169.07692 | Q243: 152.61539 | R243: 241.58333 | S243: 367 | T243: 387.16666 | U243: =AVERAGE(I243:T243) -> 290.43954 | V243: =U243*0.3 -> 87.131862 | W243: 22 | X243: =W243/100*U243 -> 63.896699 | Y243: 63.896698 | Z243: 63.896698 | AA243: 63.896698 | AB243: 63.896698 | AC243: 63.896698 | AD243: 63.896698 | AE243: 63.896698 | AF243: 63.896698 | AG243: 63.896698 | AH243: 63.896698 | AI243: 63.896698 | AJ243: 63.896698 | AK243: =SUM(Y243:AJ243) -> 766.76038 | AL243: =AK243/(X243*12)*100 -> 99.999999
A244: 242 | B244: Pearl | C244: 30.191694 | D244: -89.585502 | E244: United States | F244: Northern America | G244: North America | H244: North Atlantic Ocean | I244: 428.0943 | J244: 562.12878 | K244: 584.56775 | L244: 524.69769 | M244: 314.33112 | N244: 158.75191 | O244: 130.50023 | P244: 107.92136 | Q244: 97.958 | R244: 92.125244 | S244: 121.0537 | T244: 276.65738 | U244: =AVERAGE(I244:T244) -> 283.23229 | V244: =U244*0.3 -> 84.969687 | W244: 2 | X244: =W244/100*U244 -> 5.6646458 | Y244: 5.6646461 | Z244: 5.6646461 | AA244: 5.6646461 | AB244: 5.6646461 | AC244: 5.6646461 | AD244: 5.6646461 | AE244: 5.6646461 | AF244: 5.6646461 | AG244: 5.6646461 | AH244: 5.6646461 | AI244: 5.6646461 | AJ244: 5.6646461 | AK244: =SUM(Y244:AJ244) -> 67.975753 | AL244: =AK244/(X244*12)*100 -> 100.00001
A245: 243 | B245: Pascagoula | C245: 30.388523 | D245: -88.606592 | E245: United States | F245: Northern America | G245: North America | H245: North Atlantic Ocean | I245: 418.94812 | J245: 526.04303 | K245: 570.21118 | L245: 510.22311 | M245: 288.30453 | N245: 158.37086 | O245: 153.24716 | P245: 112.62922 | Q245: 113.89764 | R245: 89.055031 | S245: 137.74332 | T245: 284.66684 | U245: =AVERAGE(I245:T245) -> 280.27834 | V245: =U245*0.3 -> 84.083501 | W245: 1 | X245: =W245/100*U245 -> 2.8027834 | Y245: 2.8027833 | Z245: 2.8027833 | AA245: 2.8027833 | AB245: 2.8027833 | AC245: 2.8027833 | AD245: 2.8027833 | AE245: 2.8027833 | AF245: 2.8027833 | AG245: 2.8027833 | AH245: 2.8027833 | AI245: 2.8027833 | AJ245: 2.8027833 | AK245: =SUM(Y245:AJ245) -> 33.6334 | AL245: =AK245/(X245*12)*100 -> 99.999998
A246: 244 | B246: Pee Dee | C246: 33.375775 | D246: -79.26363 | E246: United States | F246: Northern America | G246: North America | H246: North Atlantic Ocean | I246: 550.62036 | J246: 691.83911 | K246: 766.78467 | L246: 625.46558 | M246: 396.22778 | N246: 308.08026 | O246: 282.66702 | P246: 287.32086 | Q246: 275.39545 | R246: 259.41547 | S246: 274.52295 | T246: 379.58295 | U246: =AVERAGE(I246:T246) -> 424.82687 | V246: =U246*0.3 -> 127.44806 | W246: 31 | X246: =W246/100*U246 -> 131.69633 | Y246: 131.69633 | Z246: 131.69633 | AA246: 131.69633 | AB246: 131.69633 | AC246: 131.69633 | AD246: 131.69633 | AE246: 131.69633 | AF246: 131.69633 | AG246: 131.69633 | AH246: 131.69633 | AI246: 131.69633 | AJ246: 131.69633 | AK246: =SUM(Y246:AJ246) -> 1580.356 | AL246: =AK246/(X246*12)*100 -> 100
A247: 245 | B247: Kem | C247: 64.94375 | D247: 34.749528 | E247: Russia | F247: European Russia | G247: Europe | H247: Arctic Ocean | I247: 159.45384 | J247: 133.22 | K247: 109.63594 | L247: 142.3 | M247: 503.80951 | N247: 493.63492 | O247: 362.2381 | P247: 280.79688 | Q247: 266.29688 | R247: 277.19061 | S247: 255.25626 | T247: 198.98593 | U247: =AVERAGE(I247:T247) -> 265.23491 | V247: =U247*0.3 -> 79.570472 | W247: 11 | X247: =W247/100*U247 -> 29.17584 | Y247: 29.175838 | Z247: 29.175838 | AA247: 29.175838 | AB247: 29.175838 | AC247: 29.175838 | AD247: 29.175838 | AE247: 29.175838 | AF247: 29.175838 | AG247: 29.175838 | AH247: 29.175838 | AI247: 29.175838 | AJ247: 29.175838 | AK247: =SUM(Y247:AJ247) -> 350.11006 | AL247: =AK247/(X247*12)*100 -> 99.999994
A248: 246 | B248: Waiau (S) | C248: -44.604167 | D248: 167.825 | E248: New Zealand | F248: Australia/New Zealand | G248: Oceania | H248: South Pacific Ocean | I248: 317.96588 | J248: 317.51181 | K248: 312.48419 | L248: 321.76315 | M248: 314.71802 | N248: 275.3985 | O248: 241.8102 | P248: 236.85316 | Q248: 287.35715 | R248: 357.54587 | S248: 378.91382 | T248: 362.99924 | U248: =AVERAGE(I248:T248) -> 310.44342 | V248: =U248*0.3 -> 93.133025 | W248: 46 | X248: =W248/100*U248 -> 142.80397 | Y248: 142.80399 | Z248: 142.80399 | AA248: 142.80399 | AB248: 142.80399 | AC248: 142.80399 | AD248: 142.80399 | AE248: 142.80399 | AF248: 142.80399 | AG248: 142.80399 | AH248: 142.80399 | AI248: 142.80399 | AJ248: 142.80399 | AK248: =SUM(Y248:AJ248) -> 1713.6479 | AL248: =AK248/(X248*12)*100 -> 100.00001
A249: 247 | B249: Ntem | C249: 2.2958238 | D249: 9.8512239 | E249: Cameroon | F249: Middle Africa | G249: Africa | H249: North Atlantic Ocean | I249: 134.45 | J249: 109.07307 | K249: 159.31923 | L249: 273.34616 | M249: 336.26923 | N249: 315.53845 | O249: 189.70741 | P249: 90.637039 | Q249: 224.9037 | R249: 558 | S249: 594.22223 | T249: 321.7037 | U249: =AVERAGE(I249:T249) -> 275.59752 | V249: =U249*0.3 -> 82.679255 | W249: 2 | X249: =W249/100*U249 -> 5.5119504 | Y249: 5.51195 | Z249: 5.51195 | AA249: 5.51195 | AB249: 5.51195 | AC249: 5.51195 | AD249: 5.51195 | AE249: 5.51195 | AF249: 5.51195 | AG249: 5.51195 | AH249: 5.51195 | AI249: 5.51195 | AJ249: 5.51195 | AK249: =SUM(Y249:AJ249) -> 66.1434 | AL249: =AK249/(X249*12)*100 -> 99.999993
A250: 248 | B250: Mae Klong | C250: 13.366663 | D250: 99.996802 | E250: Thailand | F250: Southeastern Asia | G250: Asia | H250: South China and Easter Archipelagic Seas | I250: 133.62581 | J250: 129.7811 | K250: 244.67957 | L250: 359.75482 | M250: 614.83624 | N250: 582.64636 | O250: 501.784 | P250: 248.99896 | Q250: 166.98137 | R250: 125.32672 | S250: 84.594032 | T250: 96.223778 | U250: =AVERAGE(I250:T250) -> 274.10273 | V250: =U250*0.3 -> 82.230819 | W250: 15 | X250: =W250/100*U250 -> 41.115409 | Y250: 41.11541 | Z250: 41.11541 | AA250: 41.11541 | AB250: 41.11541 | AC250: 41.11541 | AD250: 41.11541 | AE250: 41.11541 | AF250: 41.11541 | AG250: 41.11541 | AH250: 41.11541 | AI250: 2.3632126 | AJ250: 13.992958 | AK250: =SUM(Y250:AJ250) -> 427.51027 | AL250: =AK250/(X250*12)*100 -> 86.648428
A251: 249 | B251: Cagayan | C251: 18.337248 | D251: 121.63323 | E251: Philippines | F251: Southeastern Asia | G251: Asia | H251: South China and Easter Archipelagic Seas | I251: 208.58333 | J251: 123.16666 | K251: 132.83333 | L251: 79.75 | M251: 94.083336 | N251: 133.295 | O251: 269.39999 | P251: 169.3 | Q251: 282.60001 | R251: 574.59998 | S251: 706.59998 | T251: 481.39999 | U251: =AVERAGE(I251:T251) -> 271.30097 | V251: =U251*0.3 -> 81.39029 | W251: 15 | X251: =W251/100*U251 -> 40.695145 | Y251: 40.695141 | Z251: 40.695141 | AA251: 40.695141 | AB251: 0 | AC251: 12.693054 | AD251: 40.695141 | AE251: 40.695141 | AF251: 40.695141 | AG251: 40.695141 | AH251: 40.695141 | AI251: 40.695141 | AJ251: 40.695141 | AK251: =SUM(Y251:AJ251) -> 419.64446 | AL251: =AK251/(X251*12)*100 -> 85.93254
... A457: 455 | B457: Kiiminki | C457: 65.196326 | D457: 25.301698 | E457: Finland | F457: Northern Europe | G457: Europe | H457: Baltic Sea | I457: 17.956896 | J457: 10.727103 | K457: 8.9891033 | L457: 59.871872 | M457: 161.62889 | N457: 59.967186 | O457: 26.467232 | P457: 26.51964 | Q457: 33.571827 | R457: 44.819523 | S457: 48.679298 | T457: 33.644356 | U457: =AVERAGE(I457:T457) -> 44.403577 | V457: =U457*0.3 -> 13.321073 | W457: 29 | X457: =W457/100*U457 -> 12.877037 | Y457: 4.6358223 | Z457: 0 | AA457: 0 | AB457: 12.877038 | AC457: 12.877038 | AD457: 12.877038 | AE457: 12.877038 | AF457: 12.877038 | AG457: 12.877038 | AH457: 12.877038 | AI457: 12.877038 | AJ457: 12.877038 | AK457: =SUM(Y457:AJ457) -> 120.52916 | AL457: =AK457/(X457*12)*100 -> 78.000061
A458: 456 | B458: Tuxpan | C458: 20.96598 | D458: -97.315251 | E458: Mexico | F458: Central America | G458: North America | H458: North Atlantic Ocean | I458: 21.625 | J458: 17.875 | K458: 16.375 | L458: 14.125 | M458: 21.4 | N458: 61.5 | O458: 124 | P458: 47.5 | Q458: NaN | R458: 58 | S458: 87.5 | T458: 54.875 | U458: =AVERAGE(I458:T458) -> 47.706818 | V458: =U458*0.3 -> 14.312045 | W458: 4 | X458: =W458/100*U458 -> 1.9082727 | Y458: 1.9082729 | Z458: 1.9082729 | AA458: 1.9082729 | AB458: 0 | AC458: 1.9082729 | AD458: 1.9082729 | AE458: 1.9082729 | AF458: 1.9082729 | AG458: NaN | AH458: 1.9082729 | AI458: 1.9082729 | AJ458: 1.9082729 | AK458: =SUM(Y458:AJ458) -> 19.082729 | AL458: =AK458/(X458*12)*100 -> 83.333341
A459: 457 | B459: Var | C459: 43.655562 | D459: 7.1995599 | E459: France | F459: Western Europe | G459: Europe | H459: Mediterranean Region | I459: 34.033333 | J459: 43.566666 | K459: 53.933334 | L459: 45.866669 | M459: 72.733337 | N459: 79.166664 | O459: 40.900002 | P459: 23.833334 | Q459: 18.199999 | R459: 54.599998 | S459: 31.200001 | T459: 22.766666 | U459: =AVERAGE(I459:T459) -> 43.4 | V459: =U459*0.3 -> 13.02 | W459: 11 | X459: =W459/100*U459 -> 4.774 | Y459: 4.7740006 | Z459: 4.7740006 | AA459: 4.7740006 | AB459: 4.7740006 | AC459: 4.7740006 | AD459: 4.7740006 | AE459: 4.7740006 | AF459: 4.7740006 | AG459: 4.7740006 | AH459: 4.7740006 | AI459: 4.7740006 | AJ459: 4.7740006 | AK459: =SUM(Y459:AJ459) -> 57.288007 | AL459: =AK459/(X459*12)*100 -> 100.00001
A460: 458 | B460: Yeong San | C460: 34.933333 | D460: 126.52917 | E460: South Korea | F460: Eastern Asia | G460: Asia | H460: North Pacific Ocean | I460: 20 | J460: 36.75 | K460: 26.75 | L460: 53.75 | M460: 32 | N460: 93 | O460: 51.25 | P460: 76.5 | Q460: 54.5 | R460: 25.25 | S460: 22.75 | T460: 21.75 | U460: =AVERAGE(I460:T460) -> 42.854167 | V460: =U460*0.3 -> 12.85625 | W460: 16 | X460: =W460/100*U460 -> 6.8566667 | Y460: 6.856667 | Z460: 6.856667 | AA460: 6.856667 | AB460: 6.856667 | AC460: 6.856667 | AD460: 6.856667 | AE460: 6.856667 | AF460: 6.856667 | AG460: 6.856667 | AH460: 6.856667 | AI460: 6.856667 | AJ460: 6.856667 | AK460: =SUM(Y460:AJ460) -> 82.280004 | AL460: =AK460/(X460*12)*100 -> 100
A461: 459 | B461: Coco | C461: 13.095833 | D461: -87.3375 | E461: Honduras | F461: Central America | G461: North America | H461: North Pacific Ocean | I461: 10.361923 | J461: 6.6484613 | K461: 4.9719229 | L461: 5.9752398 | M461: 44.661602 | N461: 40.167202 | O461: 39.07468 | P461: 49.245384 | Q461: 81.533806 | R461: 80.703163 | S461: 25.541924 | T461: 13.886154 | U461: =AVERAGE(I461:T461) -> 33.564288 | V461: =U461*0.3 -> 10.069287 | W461: 86 | X461: =W461/100*U461 -> 28.865288 | Y461: 0.29263687 | Z461: 0 | AA461: 0 | AB461: 0 | AC461: 28.865288 | AD461: 28.865288 | AE461: 28.865288 | AF461: 28.865288 | AG461: 28.865288 | AH461: 28.865288 | AI461: 15.472637 | AJ461: 3.8168678 | AK461: =SUM(Y461:AJ461) -> 192.77387 | AL461: =AK461/(X461*12)*100 -> 55.653313
A462: 460 | B462: Palyavaam | C462: 68.863722 | D462: 170.44658 | E462: Russia | F462: Asiatic Russia | G462: Asia | H462: Arctic Ocean | I462: 0.001 | J462: 0.001 | K462: 0.001 | L462: 0.001 | M462: 12.6544 | N462: 187.09599 | O462: 131.95599 | P462: 110.056 | Q462: 49.084 | R462: 12.7192 | S462: 2.5616 | T462: 0.11826087 | U462: =AVERAGE(I462:T462) -> 42.187453 | V462: =U462*0.3 -> 12.656236 | W462: 100 | X462: =W462/100*U462 -> 42.187453 | Y462: 0 | Z462: 0 | AA462: 0 | AB462: 0 | AC462: 0 | AD462: 42.187458 | AE462: 42.187458 | AF462: 42.187458 | AG462: 36.427761 | AH462: 0.062962532 | AI462: 0 | AJ462: 0 | AK462: =SUM(Y462:AJ462) -> 163.0531 | AL462: =AK462/(X462*12)*100 -> 32.208055
A463: 461 | B463: Kikuchi | C463: 32.9 | D463: 130.54167 | E463: Japan | F463: Eastern Asia | G463: Asia | H463: North Pacific Ocean | I463: 18.041267 | J463: 17.9242 | K463: 21.310467 | L463: 27.521732 | M463: 38.6628 | N463: 67.685135 | O463: 119.88333 | P463: 55.903267 | Q463: 37.002468 | R463: 28.649532 | S463: 24.450142 | T463: 19.033358 | U463: =AVERAGE(I463:T463) -> 39.672308 | V463: =U463*0.3 -> 11.901692 | W463: 15 | X463: =W463/100*U463 -> 5.9508462 | Y463: 5.9508457 | Z463: 5.9508457 | AA463: 5.9508457 | AB463: 5.9508457 | AC463: 5.9508457 | AD463: 5.9508457 | AE463: 5.9508457 | AF463: 5.9508457 | AG463: 5.9508457 | AH463: 5.9508457 | AI463: 5.9508457 | AJ463: 5.9508457 | AK463: =SUM(Y463:AJ463) -> 71.410148 | AL463: =AK463/(X463*12)*100 -> 99.999991
A464: 462 | B464: Candelaria | C464: 18.619947 | D464: -91.244106 | E464: Mexico | F464: Central America | G464: North America | H464: North Atlantic Ocean | I464: 29.625 | J464: 20 | K464: 19.375 | L464: 16.375 | M464: 15 | N464: 20.25 | O464: 33.5 | P464: 33.5 | Q464: 61.625 | R464: 98.875 | S464: 86.125 | T464: 64.5 | U464: =AVERAGE(I464:T464) -> 41.5625 | V464: =U464*0.3 -> 12.46875 | W464: 6 | X464: =W464/100*U464 -> 2.49375 | Y464: 2.4937501 | Z464: 2.4937501 | AA464: 2.4937501 | AB464: 2.4937501 | AC464: 2.4937501 | AD464: 2.4937501 | AE464: 2.4937501 | AF464: 2.4937501 | AG464: 2.4937501 | AH464: 2.4937501 | AI464: 2.4937501 | AJ464: 2.4937501 | AK464: =SUM(Y464:AJ464) -> 29.925001 | AL464: =AK464/(X464*12)*100 -> 100
A465: 463 | B465: Almas [das] (Je | C465: -13.554167 | D465: -39.0875 | E465: Brazil | F465: South America | G465: South America | H465: South Atlantic Ocean | I465: 35.866333 | J465: 34.976444 | K465: 38.638287 | L465: 46.226601 | M465: 41.653137 | N465: 44.053574 | O465: 52.551216 | P465: 50.357677 | Q465: 41.236645 | R465: 35.47102 | S465: 38.431183 | T465: 40.454823 | U465: =AVERAGE(I465:T465) -> 41.659745 | V465: =U465*0.3 -> 12.497924 | W465: 53 | X465: =W465/100*U465 -> 22.079665 | Y465: 22.079664 | Z465: 22.079664 | AA465: 22.079664 | AB465: 22.079664 | AC465: 22.079664 | AD465: 22.079664 | AE465: 22.079664 | AF465: 22.079664 | AG465: 22.079664 | AH465: 22.079664 | AI465: 22.079664 | AJ465: 22.079664 | AK465: =SUM(Y465:AJ465) -> 264.95597 | AL465: =AK465/(X465*12)*100 -> 99.999996
A466: 464 | B466: Sinaloa | C466: 25.283096 | D466: -108.49434 | E466: Mexico | F466: Central America | G466: North America | H466: North Pacific Ocean | I466: 46.224998 | J466: 23.491667 | K466: 12.269167 | L466: 4.7861114 | M466: 4.3413887 | N466: 11.458333 | O466: 75.544441 | P466: 120.36667 | Q466: 100.09167 | R466: 44.002777 | S466: 15.394444 | T466: 34.131428 | U466: =AVERAGE(I466:T466) -> 41.008591 | V466: =U466*0.3 -> 12.302577 | W466: 82 | X466: =W466/100*U466 -> 33.627045 | Y466: 33.627048 | Z466: 11.189089 | AA466: 0 | AB466: 0 | AC466: 0 | AD466: 0 | AE466: 33.627048 | AF466: 33.627048 | AG466: 33.627048 | AH466: 31.700199 | AI466: 3.0918665 | AJ466: 21.82885 | AK466: =SUM(Y466:AJ466) -> 202.3182 | AL466: =AK466/(X466*12)*100 -> 50.137768
A467: 465 | B467: Trang | C467: 7.3958333 | D467: 99.5125 | E467: Thailand | F467: Southeastern Asia | G467: Asia | H467: South China and Easter Archipelagic Seas | I467: 47.047058 | J467: 12.44375 | K467: 7.5266666 | L467: 7.0882354 | M467: 15.611765 | N467: 21.847059 | O467: 35.894119 | P467: 34.35294 | Q467: 48.452942 | R467: 70.394119 | S467: 105.62353 | T467: 81.935295 | U467: =AVERAGE(I467:T467) -> 40.68479 | V467: =U467*0.3 -> 12.205437 | W467: 23 | X467: =W467/100*U467 -> 9.3575017 | Y467: 9.357501 | Z467: 0.23831367 | AA467: 0 | AB467: 0 | AC467: 3.4063282 | AD467: 9.357501 | AE467: 9.357501 | AF467: 9.357501 | AG467: 9.357501 | AH467: 9.357501 | AI467: 9.357501 | AJ467: 9.357501 | AK467: =SUM(Y467:AJ467) -> 78.50465 | AL467: =AK467/(X467*12)*100 -> 69.912402
A468: 466 | B468: Midori | C468: 32.498351 | D468: 130.62076 | E468: Japan | F468: Eastern Asia | G468: Asia | H468: North Pacific Ocean | I468: 15.6622 | J468: 16.2666 | K468: 18.6826 | L468: 24.858801 | M468: 24.795601 | N468: 82.990601 | O468: 138.12939 | P468: 70.092003 | Q468: 41.120998 | R468: 20.3466 | S468: 17.818001 | T468: 16.3256 | U468: =AVERAGE(I468:T468) -> 40.59075 | V468: =U468*0.3 -> 12.177225 | W468: 8 | X468: =W468/100*U468 -> 3.24726 | Y468: 3.2472599 | Z468: 3.2472599 | AA468: 3.2472599 | AB468: 3.2472599 | AC468: 3.2472599 | AD468: 3.2472599 | AE468: 3.2472599 | AF468: 3.2472599 | AG468: 3.2472599 | AH468: 3.2472599 | AI468: 3.2472599 | AJ468: 3.2472599 | AK468: =SUM(Y468:AJ468) -> 38.967119 | AL468: =AK468/(X468*12)*100 -> 99.999998
A469: 467 | B469: Jucar | C469: 39.1518 | D469: -0.24134998 | E469: Spain | F469: Southern Europe | G469: Europe | H469: Mediterranean Region | I469: 42.533333 | J469: 44.094444 | K469: 41.987499 | L469: 39.082352 | M469: 40.944443 | N469: 40.615791 | O469: 42.310528 | P469: 41.610527 | Q469: 37.026314 | R469: 41.033333 | S469: 37.855556 | T469: 38.799999 | U469: =AVERAGE(I469:T469) -> 40.657843 | V469: =U469*0.3 -> 12.197353 | W469: 61 | X469: =W469/100*U469 -> 24.801284 | Y469: 24.801283 | Z469: 24.801283 | AA469: 24.801283 | AB469: 24.801283 | AC469: 24.801283 | AD469: 24.801283 | AE469: 24.801283 | AF469: 24.801283 | AG469: 24.801283 | AH469: 24.801283 | AI469: 24.801283 | AJ469: 24.801283 | AK469: =SUM(Y469:AJ469) -> 297.6154 | AL469: =AK469/(X469*12)*100 -> 99.999994
A470: 468 | B470: Nestos (Mesta) | C470: 40.846185 | D470: 24.803709 | E470: Greece | F470: Southern Europe | G470: Europe | H470: Mediterranean Region | I470: 42.496773 | J470: 61.794518 | K470: 58.209679 | L470: 70.567741 | M470: 63.306454 | N470: 45.929031 | O470: 19.869677 | P470: 11.274838 | Q470: 11.789032 | R470: 16.539354 | S470: 28.255484 | T470: 46.838711 | U470: =AVERAGE(I470:T470) -> 39.739274 | V470: =U470*0.3 -> 11.921782 | W470: 41 | X470: =W470/100*U470 -> 16.293102 | Y470: 16.293104 | Z470: 16.293104 | AA470: 16.293104 | AB470: 16.293104 | AC470: 16.293104 | AD470: 16.293104 | AE470: 7.9478931 | AF470: 0 | AG470: 0 | AH470: 4.6175709 | AI470: 16.293104 | AJ470: 16.293104 | AK470: =SUM(Y470:AJ470) -> 142.9103 | AL470: =AK470/(X470*12)*100 -> 73.093454
... A550: 548 | B550: Jiyun | C550: 39.113135 | D550: 117.72527 | E550: China | F550: Eastern Asia | G550: Asia | H550: North Pacific Ocean | I550: 10.680811 | J550: 9.9927025 | K550: 9.6221619 | L550: 9.0972977 | M550: 9.665946 | N550: 10.568919 | O550: 33.292431 | P550: 83.780273 | Q550: 50.708649 | R550: 21.772703 | S550: 14.986756 | T550: 11.597837 | U550: =AVERAGE(I550:T550) -> 22.980541 | V550: =U550*0.3 -> 6.8941622 | W550: 9 | X550: =W550/100*U550 -> 2.0682487 | Y550: 2.068249 | Z550: 2.068249 | AA550: 2.068249 | AB550: 2.068249 | AC550: 2.068249 | AD550: 2.068249 | AE550: 2.068249 | AF550: 2.068249 | AG550: 2.068249 | AH550: 2.068249 | AI550: 2.068249 | AJ550: 2.068249 | AK550: =SUM(Y550:AJ550) -> 24.818988 | AL550: =AK550/(X550*12)*100 -> 100.00002
A551: 549 | B551: Macarthur | C551: -15.92057 | D551: 136.68882 | E551: Australia | F551: Australia/New Zealand | G551: Australia | H551: Indian Ocean | I551: NaN | J551: NaN | K551: NaN | L551: NaN | M551: NaN | N551: NaN | O551: NaN | P551: NaN | Q551: NaN | R551: NaN | S551: NaN | T551: NaN | U551: =AVERAGE(I551:T551) -> #DIV/0! | V551: =U551*0.3 -> #DIV/0! | W551: 0 | X551: =W551/100*U551 -> #DIV/0! | Y551: 0 | Z551: 0 | AA551: 0 | AB551: 0 | AC551: 0 | AD551: 0 | AE551: 0 | AF551: 0 | AG551: 0 | AH551: 0 | AI551: 0 | AJ551: 0 | AK551: =SUM(Y551:AJ551) -> 0 | AL551: NaN
A552: 550 | B552: Tamar | C552: 50.470833 | D552: -4.2208333 | E552: United Kingdom | F552: Northern Europe | G552: Europe | H552: North Atlantic Ocean | I552: 46.034199 | J552: 36.205647 | K552: 25.364822 | L552: 16.772388 | M552: 10.812724 | N552: 7.2880177 | O552: 6.3066359 | P552: 7.8405499 | Q552: 11.252221 | R552: 22.075895 | S552: 35.571857 | T552: 45.278755 | U552: =AVERAGE(I552:T552) -> 22.566976 | V552: =U552*0.3 -> 6.7700928 | W552: 4 | X552: =W552/100*U552 -> 0.90267904 | Y552: 0.90267915 | Z552: 0.90267915 | AA552: 0.90267915 | AB552: 0.90267915 | AC552: 0.90267915 | AD552: 0.51792431 | AE552: 0 | AF552: 0.90267915 | AG552: 0.90267915 | AH552: 0.90267915 | AI552: 0.90267915 | AJ552: 0.90267915 | AK552: =SUM(Y552:AJ552) -> 9.5447158 | AL552: =AK552/(X552*12)*100 -> 88.114706
A553: 551 | B553: Hutt | C553: -41.224468 | D553: 174.90233 | E553: New Zealand | F553: Australia/New Zealand | G553: Oceania | H553: South Pacific Ocean | I553: 13.655833 | J553: 9.685833 | K553: 12.775416 | L553: 16.643749 | M553: 25.061666 | N553: 29.7425 | O553: 32.958752 | P553: 30.807917 | Q553: 27.505001 | R553: 26.46875 | S553: 23.354166 | T553: 20.057501 | U553: =AVERAGE(I553:T553) -> 22.39309 | V553: =U553*0.3 -> 6.7179271 | W553: 13 | X553: =W553/100*U553 -> 2.9111017 | Y553: 2.9111018 | Z553: 2.9111018 | AA553: 2.9111018 | AB553: 2.9111018 | AC553: 2.9111018 | AD553: 2.9111018 | AE553: 2.9111018 | AF553: 2.9111018 | AG553: 2.9111018 | AH553: 2.9111018 | AI553: 2.9111018 | AJ553: 2.9111018 | AK553: =SUM(Y553:AJ553) -> 34.933222 | AL553: =AK553/(X553*12)*100 -> 100
A554: 552 | B554: Zolotitsa | C554: 65.669998 | D554: 40.419998 | E554: Russia | F554: European Russia | G554: Europe | H554: Arctic Ocean | I554: 6.0565624 | J554: 5.1615624 | K554: 4.8712502 | L554: 14.476875 | M554: 98.165627 | N554: 39.025806 | O554: 14.59125 | P554: 10.41 | Q554: 18.368788 | R554: 26.519697 | S554: 18.21697 | T554: 8.755455 | U554: =AVERAGE(I554:T554) -> 22.051654 | V554: =U554*0.3 -> 6.6154961 | W554: 36 | X554: =W554/100*U554 -> 7.9385953 | Y554: 0 | Z554: 0 | AA554: 0 | AB554: 7.8613796 | AC554: 7.9385948 | AD554: 7.9385948 | AE554: 7.9385948 | AF554: 3.7945042 | AG554: 7.9385948 | AH554: 7.9385948 | AI554: 7.9385948 | AJ554: 2.1399593 | AK554: =SUM(Y554:AJ554) -> 61.427412 | AL554: =AK554/(X554*12)*100 -> 64.481823
A555: 553 | B555: Rinda | C555: 68.900002 | D555: 36.75 | E555: Russia | F555: European Russia | G555: Europe | H555: Arctic Ocean | I555: 5.3083334 | J555: 3.9850001 | K555: 2.905 | L555: 3.1471429 | M555: 58.863914 | N555: 112.47308 | O555: 19.490768 | P555: 9.3257694 | Q555: 12.635 | R555: 16.802692 | S555: 11.9 | T555: 7.3559999 | U555: =AVERAGE(I555:T555) -> 22.016058 | V555: =U555*0.3 -> 6.6048175 | W555: 46 | X555: =W555/100*U555 -> 10.127387 | Y555: 0 | Z555: 0 | AA555: 0 | AB555: 0 | AC555: 10.127387 | AD555: 10.127387 | AE555: 10.127387 | AF555: 2.720952 | AG555: 6.0301828 | AH555: 10.127387 | AI555: 5.2951822 | AJ555: 0.75118256 | AK555: =SUM(Y555:AJ555) -> 55.307048 | AL555: =AK555/(X555*12)*100 -> 45.509476
A556: 554 | B556: Kamchiya | C556: 43.025 | D556: 27.891667 | E556: Bulgaria | F556: Eastern Europe | G556: Europe | H556: Mediterranean Region | I556: 35.006313 | J556: 46.457882 | K556: 46.280392 | L556: 38.835453 | M556: 29.621201 | N556: 21.110825 | O556: 11.727831 | P556: 8.1066866 | Q556: 7.0217328 | R556: 6.5039854 | S556: 12.875506 | T556: 23.257244 | U556: =AVERAGE(I556:T556) -> 23.900421 | V556: =U556*0.3 -> 7.1701263 | W556: 23 | X556: =W556/100*U556 -> 5.4970968 | Y556: 5.4970965 | Z556: 5.4970965 | AA556: 5.4970965 | AB556: 5.4970965 | AC556: 5.4970965 | AD556: 5.4970965 | AE556: 4.5577049 | AF556: 0.93656063 | AG556: 0 | AH556: 0 | AI556: 5.4970965 | AJ556: 5.4970965 | AK556: =SUM(Y556:AJ556) -> 49.471038 | AL556: =AK556/(X556*12)*100 -> 74.995704
A557: 555 | B557: Contentnea Cree | C557: 35.052556 | D557: -76.555108 | E557: United States | F557: Northern America | G557: North America | H557: North Atlantic Ocean | I557: 30.822039 | J557: 37.4501 | K557: 38.907051 | L557: 29.036411 | M557: 17.367741 | N557: 12.876134 | O557: 14.984025 | P557: 16.124891 | Q557: 18.352974 | R557: 14.962339 | S557: 13.866555 | T557: 20.120335 | U557: =AVERAGE(I557:T557) -> 22.07255 | V557: =U557*0.3 -> 6.6217649 | W557: 28 | X557: =W557/100*U557 -> 6.1803139 | Y557: 6.1803141 | Z557: 6.1803141 | AA557: 6.1803141 | AB557: 6.1803141 | AC557: 6.1803141 | AD557: 6.1803141 | AE557: 6.1803141 | AF557: 6.1803141 | AG557: 6.1803141 | AH557: 6.1803141 | AI557: 6.1803141 | AJ557: 6.1803141 | AK557: =SUM(Y557:AJ557) -> 74.163769 | AL557: =AK557/(X557*12)*100 -> 100
A558: 556 | B558: Salangselv | C558: 68.879997 | D558: 17.879999 | E558: Norway | F558: Northern Europe | G558: Europe | H558: Arctic Ocean | I558: 5.5691805 | J558: 3.7915573 | K558: 4.2009835 | L558: 6.2729506 | M558: 31.018032 | N558: 66.793358 | O558: 54.286884 | P558: 26.592131 | Q558: 22.727213 | R558: 19.90082 | S558: 10.430164 | T558: 6.3266392 | U558: =AVERAGE(I558:T558) -> 21.492493 | V558: =U558*0.3 -> 6.4477478 | W558: 75 | X558: =W558/100*U558 -> 16.11937 | Y558: 0 | Z558: 0 | AA558: 0 | AB558: 0 | AC558: 16.11937 | AD558: 16.11937 | AE558: 16.11937 | AF558: 16.11937 | AG558: 16.11937 | AH558: 13.453072 | AI558: 3.9824166 | AJ558: 0 | AK558: =SUM(Y558:AJ558) -> 98.032339 | AL558: =AK558/(X558*12)*100 -> 50.680404
A559: 557 | B559: Artibonito | C559: 19.238132 | D559: -72.779519 | E559: Haiti | F559: Caribbean | G559: North America | H559: North Atlantic Ocean | I559: 7.5749998 | J559: 7.1444445 | K559: 6.2333331 | L559: 9.5222225 | M559: 28.711111 | N559: 37.422222 | O559: 23.022223 | P559: 20.111111 | Q559: 35.888889 | R559: 46.333332 | S559: 21.311111 | T559: 9.9111109 | U559: =AVERAGE(I559:T559) -> 21.098842 | V559: =U559*0.3 -> 6.3296527 | W559: 5 | X559: =W559/100*U559 -> 1.0549421 | Y559: 1.0549421 | Z559: 0.81479168 | AA559: 0 | AB559: 1.0549421 | AC559: 1.0549421 | AD559: 1.0549421 | AE559: 1.0549421 | AF559: 1.0549421 | AG559: 1.0549421 | AH559: 1.0549421 | AI559: 1.0549421 | AJ559: 1.0549421 | AK559: =SUM(Y559:AJ559) -> 11.364213 | AL559: =AK559/(X559*12)*100 -> 89.769638
A560: 558 | B560: Aude | C560: 43.213056 | D560: 3.240001 | E560: France | F560: Western Europe | G560: Europe | H560: Mediterranean Region | I560: 25.236895 | J560: 31.448717 | K560: 32.358505 | L560: 36.062576 | M560: 35.985497 | N560: 22.554922 | O560: 11.845661 | P560: 8.1100197 | Q560: 7.5463223 | R560: 10.444627 | S560: 12.023133 | T560: 20.341166 | U560: =AVERAGE(I560:T560) -> 21.16317 | V560: =U560*0.3 -> 6.348951 | W560: 5 | X560: =W560/100*U560 -> 1.0581585 | Y560: 1.0581585 | Z560: 1.0581585 | AA560: 1.0581585 | AB560: 1.0581585 | AC560: 1.0581585 | AD560: 1.0581585 | AE560: 1.0581585 | AF560: 1.0581585 | AG560: 1.0581585 | AH560: 1.0581585 | AI560: 1.0581585 | AJ560: 1.0581585 | AK560: =SUM(Y560:AJ560) -> 12.697902 | AL560: =AK560/(X560*12)*100 -> 100
A561: 559 | B561: Culiacán (Humay | C561: 24.494807 | D561: -107.73219 | E561: Mexico | F561: Central America | G561: North America | H561: North Pacific Ocean | I561: 10.275 | J561: 8.6999998 | K561: 9.5249996 | L561: 34.75 | M561: 40.375 | N561: 26.5 | O561: 22.575001 | P561: 8.5749998 | Q561: 24.424999 | R561: 38.049999 | S561: 15.75 | T561: 10.75 | U561: =AVERAGE(I561:T561) -> 20.854167 | V561: =U561*0.3 -> 6.25625 | W561: 11 | X561: =W561/100*U561 -> 2.2939583 | Y561: 2.2939582 | Z561: 2.2939582 | AA561: 2.2939582 | AB561: 2.2939582 | AC561: 2.2939582 | AD561: 2.2939582 | AE561: 2.2939582 | AF561: 2.2939582 | AG561: 2.2939582 | AH561: 2.2939582 | AI561: 2.2939582 | AJ561: 2.2939582 | AK561: =SUM(Y561:AJ561) -> 27.527498 | AL561: =AK561/(X561*12)*100 -> 99.999995
A562: 560 | B562: Harding | C562: 56.225 | D562: -131.52083 | E562: United States | F562: Northern America | G562: North America | H562: North Pacific Ocean | I562: 7.4459414 | J562: 6.6727848 | K562: 5.7839026 | L562: 10.361882 | M562: 25.980543 | N562: 39.215729 | O562: 37.954212 | P562: 32.205872 | Q562: 32.87196 | R562: 30.493397 | S562: 14.136037 | T562: 9.7565422 | U562: =AVERAGE(I562:T562) -> 21.073234 | V562: =U562*0.3 -> 6.3219701 | W562: 5 | X562: =W562/100*U562 -> 1.0536617 | Y562: 1.0536616 | Z562: 0.35081482 | AA562: 0 | AB562: 1.0536616 | AC562: 1.0536616 | AD562: 1.0536616 | AE562: 1.0536616 | AF562: 1.0536616 | AG562: 1.0536616 | AH562: 1.0536616 | AI562: 1.0536616 | AJ562: 1.0536616 | AK562: =SUM(Y562:AJ562) -> 10.887431 | AL562: =AK562/(X562*12)*100 -> 86.107896
A563: 561 | B563: Branch | C563: -41.502659 | D563: 174.06036 | E563: New Zealand | F563: Australia/New Zealand | G563: Oceania | H563: South Pacific Ocean | I563: 16.643333 | J563: 11.86762 | K563: 13.711905 | L563: 19.037144 | M563: 21.267143 | N563: 16.370476 | O563: 18.795713 | P563: 23.262857 | Q563: 25.77 | R563: 33.55619 | S563: 28.698095 | T563: 19.314285 | U563: =AVERAGE(I563:T563) -> 20.69123 | V563: =U563*0.3 -> 6.207369 | W563: 27 | X563: =W563/100*U563 -> 5.5866321 | Y563: 5.5866318 | Z563: 5.5866318 | AA563: 5.5866318 | AB563: 5.5866318 | AC563: 5.5866318 | AD563: 5.5866318 | AE563: 5.5866318 | AF563: 5.5866318 | AG563: 5.5866318 | AH563: 5.5866318 | AI563: 5.5866318 | AJ563: 5.5866318 | AK563: =SUM(Y563:AJ563) -> 67.039582 | AL563: =AK563/(X563*12)*100 -> 99.999994
... A723: 721 | B723: PANGANI | C723: -5.4305381 | D723: 38.973515 | E723: Tanzania | F723: Eastern Africa | G723: Africa | H723: Indian Ocean | I723: 29.172001 | J723: 24.347221 | K723: 23.017944 | L723: 34.209278 | M723: 38.77079 | N723: 33.850842 | O723: 28.190159 | P723: 24.497316 | Q723: 21.638159 | R723: 21.201263 | S723: 25.503527 | T723: 22.915157 | U723: =AVERAGE(I723:T723) -> 27.276138 | V723: =U723*0.3 -> 8.1828414 | W723: 47 | X723: =W723/100*U723 -> 12.819785 | Y723: 12.819786 | Z723: 12.819786 | AA723: 12.819786 | AB723: 12.819786 | AC723: 12.819786 | AD723: 12.819786 | AE723: 12.819786 | AF723: 12.819786 | AG723: 12.819786 | AH723: 12.819786 | AI723: 12.819786 | AJ723: 12.819786 | AK723: =SUM(Y723:AJ723) -> 153.83743 | AL723: =AK723/(X723*12)*100 -> 100.00001
A724: 722 | B724: CUANZA | C724: -9.3455122 | D724: 13.153194 | E724: Angola | F724: Middle Africa | G724: Africa | H724: South Atlantic Ocean | I724: NaN | J724: NaN | K724: NaN | L724: NaN | M724: NaN | N724: NaN | O724: NaN | P724: NaN | Q724: NaN | R724: NaN | S724: NaN | T724: NaN | U724: =AVERAGE(I724:T724) -> #DIV/0! | V724: =U724*0.3 -> #DIV/0! | W724: 0 | X724: =W724/100*U724 -> #DIV/0! | Y724: 0 | Z724: 0 | AA724: 0 | AB724: 0 | AC724: 0 | AD724: 0 | AE724: 0 | AF724: 0 | AG724: 0 | AH724: 0 | AI724: 0 | AJ724: 0 | AK724: =SUM(Y724:AJ724) -> 0 | AL724: NaN
A725: 723 | B725: Konkoure | C725: 9.8353382 | D725: -13.782923 | E725: Guinea | F725: Western Africa | G725: Africa | H725: North Atlantic Ocean | I725: 48.25 | J725: 22.5 | K725: 10.325 | L725: 8.1000004 | M725: 25 | N725: 117 | O725: 441.75 | P725: 841.5 | Q725: 865 | R725: 658 | S725: 308.5 | T725: 109.375 | U725: =AVERAGE(I725:T725) -> 287.94167 | V725: =U725*0.3 -> 86.3825 | W725: 77 | X725: =W725/100*U725 -> 221.71508 | Y725: 0 | Z725: 0 | AA725: 0 | AB725: 0 | AC725: 0 | AD725: 30.617493 | AE725: 221.71509 | AF725: 221.71509 | AG725: 221.71509 | AH725: 221.71509 | AI725: 221.71509 | AJ725: 22.992493 | AK725: =SUM(Y725:AJ725) -> 1162.1854 | AL725: =AK725/(X725*12)*100 -> 43.681641
A726: 724 | B726: Ankobra | C726: 4.9003793 | D726: -2.2686154 | E726: Ghana | F726: Western Africa | G726: Africa | H726: North Atlantic Ocean | I726: 4 | J726: 6.7333331 | K726: 6.1333332 | L726: 15.166667 | M726: 33.466667 | N726: 136.83333 | O726: 26.233334 | P726: 12.133333 | Q726: 12.2 | R726: 23.333334 | S726: 20 | T726: 7.0333333 | U726: =AVERAGE(I726:T726) -> 25.272222 | V726: =U726*0.3 -> 7.5816666 | W726: 62 | X726: =W726/100*U726 -> 15.668778 | Y726: 0 | Z726: 0 | AA726: 0 | AB726: 7.585 | AC726: 15.668778 | AD726: 15.668778 | AE726: 15.668778 | AF726: 4.5516663 | AG726: 4.6183329 | AH726: 15.668778 | AI726: 12.418333 | AJ726: 0 | AK726: =SUM(Y726:AJ726) -> 91.848444 | AL726: =AK726/(X726*12)*100 -> 48.848973
A727: 725 | B727: Cestos | C727: 5.4465832 | D727: -9.5842976 | E727: Liberia | F727: Western Africa | G727: Africa | H727: North Atlantic Ocean | I727: 8.5333338 | J727: 3.0666666 | K727: 3.1333334 | L727: 9.3999996 | M727: 14.1 | N727: 37.333332 | O727: 52.833332 | P727: 77.666664 | Q727: 119.66666 | R727: 96.333336 | S727: 45.833332 | T727: 24.299999 | U727: =AVERAGE(I727:T727) -> 41.016666 | V727: =U727*0.3 -> 12.305 | W727: 98 | X727: =W727/100*U727 -> 40.196332 | Y727: 0 | Z727: 0 | AA727: 0 | AB727: 0 | AC727: 1.7950001 | AD727: 25.028332 | AE727: 40.196335 | AF727: 40.196335 | AG727: 40.196335 | AH727: 40.196335 | AI727: 33.528332 | AJ727: 11.994999 | AK727: =SUM(Y727:AJ727) -> 233.132 | AL727: =AK727/(X727*12)*100 -> 48.331939
A728: 726 | B728: Sehnkwehn | C728: 5.2081145 | D728: -9.3455726 | E728: Liberia | F728: Western Africa | G728: Africa | H728: North Atlantic Ocean | I728: 116 | J728: 113 | K728: 112.66666 | L728: 111.33334 | M728: 118.66666 | N728: 127 | O728: 128.33333 | P728: 132.33333 | Q728: 129.33333 | R728: 123.33334 | S728: 101 | T728: 118 | U728: =AVERAGE(I728:T728) -> 119.25 | V728: =U728*0.3 -> 35.775 | W728: 54 | X728: =W728/100*U728 -> 64.395 | Y728: 64.394997 | Z728: 64.394997 | AA728: 64.394997 | AB728: 64.394997 | AC728: 64.394997 | AD728: 64.394997 | AE728: 64.394997 | AF728: 64.394997 | AG728: 64.394997 | AH728: 64.394997 | AI728: 64.394997 | AJ728: 64.394997 | AK728: =SUM(Y728:AJ728) -> 772.73996 | AL728: =AK728/(X728*12)*100 -> 99.999996
A729: 727 | B729: Grand R South East | C729: -20.290623 | D729: 57.781485 | E729: Mauritius | F729: Eastern Africa | G729: Africa | H729: Indian Ocean | I729: 3.0075555 | J729: 3.7266667 | K729: 2.4655557 | L729: 3.1488888 | M729: 1.8455555 | N729: 1.5997778 | O729: 1.4816667 | P729: 1.3458889 | Q729: 0.95666665 | R729: 0.87022221 | S729: 0.71899998 | T729: 1.872 | U729: =AVERAGE(I729:T729) -> 1.9199537 | V729: =U729*0.3 -> 0.57598611 | W729: 7 | X729: =W729/100*U729 -> 0.13439676 | Y729: 0.13439676 | Z729: 0.13439676 | AA729: 0.13439676 | AB729: 0.13439676 | AC729: 0.13439676 | AD729: 0.13439676 | AE729: 0.13439676 | AF729: 0.13439676 | AG729: 0.13439676 | AH729: 0.13439676 | AI729: 0.13439676 | AJ729: 0.13439676 | AK729: =SUM(Y729:AJ729) -> 1.6127611 | AL729: =AK729/(X729*12)*100 -> 100
A730: 728 | B730: Riviere la Chaux | C730: -20.42 | D730: 57.7 | E730: Mauritius | F730: Eastern Africa | G730: Africa | H730: Indian Ocean | I730: 2.6492221 | J730: 4.1811113 | K730: 2.6633334 | L730: 3.3800001 | M730: 3.2277777 | N730: 2.2833333 | O730: 1.7488889 | P730: 1.6511111 | Q730: 1.2771111 | R730: 0.94155556 | S730: 0.84877777 | T730: 1.459 | U730: =AVERAGE(I730:T730) -> 2.1926019 | V730: =U730*0.3 -> 0.65778056 | W730: 8 | X730: =W730/100*U730 -> 0.17540815 | Y730: 0.17540815 | Z730: 0.17540815 | AA730: 0.17540815 | AB730: 0.17540815 | AC730: 0.17540815 | AD730: 0.17540815 | AE730: 0.17540815 | AF730: 0.17540815 | AG730: 0.17540815 | AH730: 0.17540815 | AI730: 0.17540815 | AJ730: 0.17540815 | AK730: =SUM(Y730:AJ730) -> 2.1048978 | AL730: =AK730/(X730*12)*100 -> 100
A731: 729 | B731: Umbeluzi | C731: -26.004167 | D731: 32.479167 | E731: Mozambique | F731: Eastern Africa | G731: Africa | H731: Indian Ocean | I731: 42.700001 | J731: 123 | K731: 62 | L731: 17.25 | M731: 11 | N731: 8.1999998 | O731: 7.0999999 | P731: 6.0999999 | Q731: 5.4499998 | R731: 6.5500002 | S731: 9.3999996 | T731: 10 | U731: =AVERAGE(I731:T731) -> 25.729167 | V731: =U731*0.3 -> 7.71875 | W731: 37 | X731: =W731/100*U731 -> 9.5197917 | Y731: 9.5197916 | Z731: 9.5197916 | AA731: 9.5197916 | AB731: 9.5197916 | AC731: 3.28125 | AD731: 0.48124981 | AE731: 0 | AF731: 0 | AG731: 0 | AH731: 0 | AI731: 1.6812496 | AJ731: 2.28125 | AK731: =SUM(Y731:AJ731) -> 45.804166 | AL731: =AK731/(X731*12)*100 -> 40.09556
A732: 730 | B732: Abade | C732: 0.23 | D732: 6.73 | E732: Sao Tome and Principe | F732: Middle Africa | G732: Africa | H732: North Atlantic Ocean | I732: 2.03125 | J732: 0.96399999 | K732: 1.462 | L732: 1.4662499 | M732: 1.4866667 | N732: 0.80333334 | O732: 0.56222224 | P732: 1.25625 | Q732: 1.1877778 | R732: 2.48 | S732: 1.5488889 | T732: 1.5271429 | U732: =AVERAGE(I732:T732) -> 1.3979818 | V732: =U732*0.3 -> 0.41939454 | W732: 10 | X732: =W732/100*U732 -> 0.13979818 | Y732: 0.13979819 | Z732: 0.13979819 | AA732: 0.13979819 | AB732: 0.13979819 | AC732: 0.13979819 | AD732: 0.13979819 | AE732: 0.13979819 | AF732: 0.13979819 | AG732: 0.13979819 | AH732: 0.13979819 | AI732: 0.13979819 | AJ732: 0.13979819 | AK732: =SUM(Y732:AJ732) -> 1.6775783 | AL732: =AK732/(X732*12)*100 -> 100.00001
A733: 731 | B733: Papageio | C733: 1.63 | D733: 7.42 | E733: Sao Tome and Principe | F733: Middle Africa | G733: Africa | H733: North Atlantic Ocean | I733: 1.508 | J733: 0.69999999 | K733: 0.92000002 | L733: 1.2375 | M733: 2.0285714 | N733: 1.7914286 | O733: 2.1557143 | P733: 2.9449999 | Q733: 2.694 | R733: 2.905 | S733: 2.6099999 | T733: 3.6849999 | U733: =AVERAGE(I733:T733) -> 2.0983512 | V733: =U733*0.3 -> 0.62950535 | W733: 3 | X733: =W733/100*U733 -> 0.062950535 | Y733: 0.062950537 | Z733: 0.062950537 | AA733: 0.062950537 | AB733: 0.062950537 | AC733: 0.062950537 | AD733: 0.062950537 | AE733: 0.062950537 | AF733: 0.062950537 | AG733: 0.062950537 | AH733: 0.062950537 | AI733: 0.062950537 | AJ733: 0.062950537 | AK733: =SUM(Y733:AJ733) -> 0.75540644 | AL733: =AK733/(X733*12)*100 -> 100
A734: 732 | B734: Ouro | C734: 0.39 | D734: 6.66 | E734: Sao Tome and Principe | F734: Middle Africa | G734: Africa | H734: North Atlantic Ocean | I734: 0.45500001 | J734: 0.38 | K734: 0.41249999 | L734: 0.505 | M734: 0.59200001 | N734: 0.34833333 | O734: 0.21333334 | P734: 0.27000001 | Q734: 0.2325 | R734: 0.4975 | S734: 0.76800001 | T734: 0.62 | U734: =AVERAGE(I734:T734) -> 0.44118056 | V734: =U734*0.3 -> 0.13235417 | W734: 18 | X734: =W734/100*U734 -> 0.0794125 | Y734: 0.079412498 | Z734: 0.079412498 | AA734: 0.079412498 | AB734: 0.079412498 | AC734: 0.079412498 | AD734: 0.079412498 | AE734: 0.079412498 | AF734: 0.079412498 | AG734: 0.079412498 | AH734: 0.079412498 | AI734: 0.079412498 | AJ734: 0.079412498 | AK734: =SUM(Y734:AJ734) -> 0.95294998 | AL734: =AK734/(X734*12)*100 -> 99.999997
A735: 733 | B735: N'Zi | C735: 5.1622452 | D735: -4.9496155 | E735: Ivory Coast | F735: Western Africa | G735: Africa | H735: North Atlantic Ocean | I735: 0.67699999 | J735: 0.1015 | K735: 0.079999998 | L735: 3.0150001 | M735: 18.966667 | N735: 85.333336 | O735: 66.599998 | P735: 59.233334 | Q735: 64.743332 | R735: 80.613335 | S735: 27.046667 | T735: 5.7233334 | U735: =AVERAGE(I735:T735) -> 34.344459 | V735: =U735*0.3 -> 10.303338 | W735: 100 | X735: =W735/100*U735 -> 34.344459 | Y735: 0 | Z735: 0 | AA735: 0 | AB735: 0 | AC735: 8.6633291 | AD735: 34.34446 | AE735: 34.34446 | AF735: 34.34446 | AG735: 34.34446 | AH735: 34.34446 | AI735: 16.743328 | AJ735: 0 | AK735: =SUM(Y735:AJ735) -> 197.12896 | AL735: =AK735/(X735*12)*100 -> 47.831335
A736: 734 | B736: Shafa | C736: 37.616119 | D736: 49.124805 | E736: Iran | F736: Southern Asia | G736: Asia | H736: Indian Ocean | I736: 4.5246668 | J736: 6.362 | K736: 9.8000002 | L736: 10.504666 | M736: 5.9286666 | N736: 3.744 | O736: 3.5906668 | P736: 3.5613334 | Q736: 7.8707142 | R736: 14.483077 | S736: 8.4084616 | T736: 5.8576922 | U736: =AVERAGE(I736:T736) -> 7.0529954 | V736: =U736*0.3 -> 2.1158986 | W736: 20 | X736: =W736/100*U736 -> 1.4105991 | Y736: 1.410599 | Z736: 1.410599 | AA736: 1.410599 | AB736: 1.410599 | AC736: 1.410599 | AD736: 1.410599 | AE736: 1.410599 | AF736: 1.410599 | AG736: 1.410599 | AH736: 1.410599 | AI736: 1.410599 | AJ736: 1.410599 | AK736: =SUM(Y736:AJ736) -> 16.927188 | AL736: =AK736/(X736*12)*100 -> 99.999994
... A1053: 1051 | B1053: Rio Chagres | C1053: 9.3166667 | D1053: -80 | E1053: Panama | F1053: Central America | G1053: North America | H1053: North Atlantic Ocean | I1053: 22.982 | J1053: 13.817778 | K1053: 10.018 | L1053: 24.299889 | M1053: 30.645222 | N1053: 31.422222 | O1053: 32.368999 | P1053: 36.129002 | Q1053: 35.337002 | R1053: 42.473 | S1053: 46.248222 | T1053: 45.014221 | U1053: =AVERAGE(I1053:T1053) -> 30.896296 | V1053: =U1053*0.3 -> 9.2688889 | W1053: 2 | X1053: =W1053/100*U1053 -> 0.61792593 | Y1053: 0.617926 | Z1053: 0.617926 | AA1053: 0.617926 | AB1053: 0.617926 | AC1053: 0.617926 | AD1053: 0.617926 | AE1053: 0.617926 | AF1053: 0.617926 | AG1053: 0.617926 | AH1053: 0.617926 | AI1053: 0.617926 | AJ1053: 0.617926 | AK1053: =SUM(Y1053:AJ1053) -> 7.415112 | AL1053: =AK1053/(X1053*12)*100 -> 100.00001
A1054: 1052 | B1054: Rio Manzanares | C1054: 10.470917 | D1054: -64.192792 | E1054: Venezuela | F1054: South America | G1054: South America | H1054: North Atlantic Ocean | I1054: 10.599182 | J1054: 2.415 | K1054: 1.8063333 | L1054: 5.030273 | M1054: 5.3692222 | N1054: 4.5272727 | O1054: NaN | P1054: 16.375454 | Q1054: 15.729 | R1054: 15.841637 | S1054: 16.745546 | T1054: 10.378273 | U1054: =AVERAGE(I1054:T1054) -> 9.5288357 | V1054: =U1054*0.3 -> 2.8586507 | W1054: 22 | X1054: =W1054/100*U1054 -> 2.0963439 | Y1054: 2.0963438 | Z1054: 0 | AA1054: 0 | AB1054: 2.0963438 | AC1054: 2.0963438 | AD1054: 1.668622 | AE1054: NaN | AF1054: 2.0963438 | AG1054: 2.0963438 | AH1054: 2.0963438 | AI1054: 2.0963438 | AJ1054: 2.0963438 | AK1054: =SUM(Y1054:AJ1054) -> 18.439372 | AL1054: =AK1054/(X1054*12)*100 -> 73.299729
A1055: 1053 | B1055: Rio Neveri | C1055: 10.170947 | D1055: -64.708397 | E1055: Venezuela | F1055: South America | G1055: South America | H1055: North Atlantic Ocean | I1055: 18 | J1055: 13.333333 | K1055: 10 | L1055: 28.666666 | M1055: 8.666667 | N1055: 7.6666665 | O1055: 14.666667 | P1055: 45.666668 | Q1055: 74.666664 | R1055: 79.333336 | S1055: 63 | T1055: 32.333332 | U1055: =AVERAGE(I1055:T1055) -> 33 | V1055: =U1055*0.3 -> 9.9 | W1055: 14 | X1055: =W1055/100*U1055 -> 4.62 | Y1055: 4.6199999 | Z1055: 3.4333334 | AA1055: 0.10000038 | AB1055: 4.6199999 | AC1055: 0 | AD1055: 0 | AE1055: 4.6199999 | AF1055: 4.6199999 | AG1055: 4.6199999 | AH1055: 4.6199999 | AI1055: 4.6199999 | AJ1055: 4.6199999 | AK1055: =SUM(Y1055:AJ1055) -> 40.493333 | AL1055: =AK1055/(X1055*12)*100 -> 73.039922
A1056: 1054 | B1056: Rio Nazaito | C1056: 17.991053 | D1056: -71.160619 | E1056: Dominican Republic | F1056: Caribbean | G1056: North America | H1056: North Atlantic Ocean | I1056: 2.25 | J1056: 2 | K1056: 2 | L1056: 1.7777778 | M1056: 1.8888888 | N1056: 4.3333335 | O1056: 4 | P1056: 4.75 | Q1056: 8.8888893 | R1056: 3 | S1056: 2.7142856 | T1056: 2.6666667 | U1056: =AVERAGE(I1056:T1056) -> 3.3558201 | V1056: =U1056*0.3 -> 1.006746 | W1056: 22 | X1056: =W1056/100*U1056 -> 0.73828043 | Y1056: 0.73828048 | Z1056: 0.73828048 | AA1056: 0.73828048 | AB1056: 0.73828048 | AC1056: 0.73828048 | AD1056: 0.73828048 | AE1056: 0.73828048 | AF1056: 0.73828048 | AG1056: 0.73828048 | AH1056: 0.73828048 | AI1056: 0.73828048 | AJ1056: 0.73828048 | AK1056: =SUM(Y1056:AJ1056) -> 8.8593658 | AL1056: =AK1056/(X1056*12)*100 -> 100.00001
A1057: 1055 | B1057: Rio Zaza | C1057: 21.610925 | D1057: -79.533147 | E1057: Cuba | F1057: Caribbean | G1057: North America | H1057: North Atlantic Ocean | I1057: 2.0213332 | J1057: 1.3803333 | K1057: 2.1613333 | L1057: 1.5666667 | M1057: 12.785 | N1057: 22.177999 | O1057: 13.064333 | P1057: 6.3656669 | Q1057: 18.132999 | R1057: 45.193668 | S1057: 14.144667 | T1057: 3.4196668 | U1057: =AVERAGE(I1057:T1057) -> 11.867806 | V1057: =U1057*0.3 -> 3.5603417 | W1057: 80 | X1057: =W1057/100*U1057 -> 9.4942444 | Y1057: 0 | Z1057: 0 | AA1057: 0 | AB1057: 0 | AC1057: 9.224658 | AD1057: 9.4942446 | AE1057: 9.4942446 | AF1057: 2.8053253 | AG1057: 9.4942446 | AH1057: 9.4942446 | AI1057: 9.4942446 | AJ1057: 0 | AK1057: =SUM(Y1057:AJ1057) -> 59.501206 | AL1057: =AK1057/(X1057*12)*100 -> 52.225682
A1058: 1056 | B1058: Rio Cuyaguanteje | C1058: 22.087 | D1058: -83.973 | E1058: Cuba | F1058: Caribbean | G1058: North America | H1058: North Atlantic Ocean | I1058: 2.6343334 | J1058: 3.0556667 | K1058: 4.527 | L1058: 20.489 | M1058: 11.043 | N1058: 21.977667 | O1058: 30.268999 | P1058: 20.871 | Q1058: 34.089001 | R1058: 25.827999 | S1058: 18.811333 | T1058: 3.2043333 | U1058: =AVERAGE(I1058:T1058) -> 16.399944 | V1058: =U1058*0.3 -> 4.9199833 | W1058: 100 | X1058: =W1058/100*U1058 -> 16.399944 | Y1058: 0 | Z1058: 0 | AA1058: 0 | AB1058: 15.569017 | AC1058: 6.1230168 | AD1058: 16.399944 | AE1058: 16.399944 | AF1058: 15.951017 | AG1058: 16.399944 | AH1058: 16.399944 | AI1058: 13.89135 | AJ1058: 0 | AK1058: =SUM(Y1058:AJ1058) -> 117.13418 | AL1058: =AK1058/(X1058*12)*100 -> 59.519601
A1059: 1057 | B1059: Rio Sinú | C1059: 9.4270167 | D1059: -75.929233 | E1059: Colombia | F1059: South America | G1059: South America | H1059: North Atlantic Ocean | I1059: 180.87062 | J1059: 201.57259 | K1059: 300.3118 | L1059: 393.01871 | M1059: 488.65079 | N1059: 532.25415 | O1059: 556.97845 | P1059: 549.56775 | Q1059: 512.54889 | R1059: 434.60864 | S1059: 311.05469 | T1059: 230.89058 | U1059: =AVERAGE(I1059:T1059) -> 391.02731 | V1059: =U1059*0.3 -> 117.30819 | W1059: 16 | X1059: =W1059/100*U1059 -> 62.564369 | Y1059: 62.564377 | Z1059: 62.564377 | AA1059: 62.564377 | AB1059: 62.564377 | AC1059: 62.564377 | AD1059: 62.564377 | AE1059: 62.564377 | AF1059: 62.564377 | AG1059: 62.564377 | AH1059: 62.564377 | AI1059: 62.564377 | AJ1059: 62.564377 | AK1059: =SUM(Y1059:AJ1059) -> 750.77252 | AL1059: =AK1059/(X1059*12)*100 -> 100.00001
A1060: 1058 | B1060: Rio Buritaca | C1060: 11.2636 | D1060: -73.768542 | E1060: Colombia | F1060: South America | G1060: South America | H1060: North Atlantic Ocean | I1060: 41.664742 | J1060: 31.034391 | K1060: 31.322693 | L1060: 35.412685 | M1060: 41.231873 | N1060: 41.483467 | O1060: 50.304157 | P1060: 59.317673 | Q1060: 60.551319 | R1060: 59.380615 | S1060: 57.803616 | T1060: 48.766945 | U1060: =AVERAGE(I1060:T1060) -> 46.522848 | V1060: =U1060*0.3 -> 13.956854 | W1060: 36 | X1060: =W1060/100*U1060 -> 16.748225 | Y1060: 16.748224 | Z1060: 16.748224 | AA1060: 16.748224 | AB1060: 16.748224 | AC1060: 16.748224 | AD1060: 16.748224 | AE1060: 16.748224 | AF1060: 16.748224 | AG1060: 16.748224 | AH1060: 16.748224 | AI1060: 16.748224 | AJ1060: 16.748224 | AK1060: =SUM(Y1060:AJ1060) -> 200.97869 | AL1060: =AK1060/(X1060*12)*100 -> 99.999992
A1061: 1059 | B1061: Rio Palomino | C1061: 11.257667 | D1061: -73.566575 | E1061: Colombia | F1061: South America | G1061: South America | H1061: North Atlantic Ocean | I1061: 15.679277 | J1061: 12.836436 | K1061: 11.941682 | L1061: 16.879404 | M1061: 24.36762 | N1061: 25.43531 | O1061: 21.229397 | P1061: 24.90206 | Q1061: 33.054878 | R1061: 40.765839 | S1061: 46.113678 | T1061: 27.981112 | U1061: =AVERAGE(I1061:T1061) -> 25.098891 | V1061: =U1061*0.3 -> 7.5296673 | W1061: 17 | X1061: =W1061/100*U1061 -> 4.2668115 | Y1061: 4.2668114 | Z1061: 4.2668114 | AA1061: 4.2668114 | AB1061: 4.2668114 | AC1061: 4.2668114 | AD1061: 4.2668114 | AE1061: 4.2668114 | AF1061: 4.2668114 | AG1061: 4.2668114 | AH1061: 4.2668114 | AI1061: 4.2668114 | AJ1061: 4.2668114 | AK1061: =SUM(Y1061:AJ1061) -> 51.201737 | AL1061: =AK1061/(X1061*12)*100 -> 99.999998
A1062: 1060 | B1062: Rio León | C1062: 7.9425444 | D1062: -76.756681 | E1062: Colombia | F1062: South America | G1062: South America | H1062: North Atlantic Ocean | I1062: 35.422634 | J1062: 19.764551 | K1062: 18.038744 | L1062: 35.787567 | M1062: 85.671364 | N1062: 101.52072 | O1062: 95.798218 | P1062: 93.937492 | Q1062: 107.77553 | R1062: 118.23813 | S1062: 119.02998 | T1062: 81.058243 | U1062: =AVERAGE(I1062:T1062) -> 76.003598 | V1062: =U1062*0.3 -> 22.801079 | W1062: 76 | X1062: =W1062/100*U1062 -> 57.762734 | Y1062: 12.621555 | Z1062: 0 | AA1062: 0 | AB1062: 12.986488 | AC1062: 57.76273 | AD1062: 57.76273 | AE1062: 57.76273 | AF1062: 57.76273 | AG1062: 57.76273 | AH1062: 57.76273 | AI1062: 57.76273 | AJ1062: 57.76273 | AK1062: =SUM(Y1062:AJ1062) -> 487.70988 | AL1062: =AK1062/(X1062*12)*100 -> 70.361091
A1063: 1061 | B1063: Rio Turbo | C1063: 8.1198583 | D1063: -76.760953 | E1063: Colombia | F1063: South America | G1063: South America | H1063: North Atlantic Ocean | I1063: 2.1194401 | J1063: 1.5597084 | K1063: 1.7900417 | L1063: 2.9565418 | M1063: 4.3378096 | N1063: 4.5892859 | O1063: 3.5475652 | P1063: 4.1784544 | Q1063: 4.1694002 | R1063: 3.9207084 | S1063: 4.8883915 | T1063: 5.1551304 | U1063: =AVERAGE(I1063:T1063) -> 3.6010398 | V1063: =U1063*0.3 -> 1.0803119 | W1063: 13 | X1063: =W1063/100*U1063 -> 0.46813517 | Y1063: 0.46813509 | Z1063: 0.46813509 | AA1063: 0.46813509 | AB1063: 0.46813509 | AC1063: 0.46813509 | AD1063: 0.46813509 | AE1063: 0.46813509 | AF1063: 0.46813509 | AG1063: 0.46813509 | AH1063: 0.46813509 | AI1063: 0.46813509 | AJ1063: 0.46813509 | AK1063: =SUM(Y1063:AJ1063) -> 5.6176211 | AL1063: =AK1063/(X1063*12)*100 -> 99.999982
A1064: 1062 | B1064: Rio Mulatos | C1064: 8.6471389 | D1064: -76.734083 | E1064: Colombia | F1064: South America | G1064: South America | H1064: North Atlantic Ocean | I1064: 18.992455 | J1064: 17.915264 | K1064: 17.883381 | L1064: 13.850345 | M1064: 9.9822245 | N1064: 4.3208089 | O1064: 3.7512114 | P1064: 5.3631244 | Q1064: 13.337985 | R1064: 21.886068 | S1064: 18.443718 | T1064: 16.402819 | U1064: =AVERAGE(I1064:T1064) -> 13.510784 | V1064: =U1064*0.3 -> 4.0532351 | W1064: 9 | X1064: =W1064/100*U1064 -> 1.2159705 | Y1064: 1.2159705 | Z1064: 1.2159705 | AA1064: 1.2159705 | AB1064: 1.2159705 | AC1064: 1.2159705 | AD1064: 0.26757383 | AE1064: 0 | AF1064: 1.2159705 | AG1064: 1.2159705 | AH1064: 1.2159705 | AI1064: 1.2159705 | AJ1064: 1.2159705 | AK1064: =SUM(Y1064:AJ1064) -> 12.427279 | AL1064: =AK1064/(X1064*12)*100 -> 85.167078
A1065: 1063 | B1065: Rio Piedras | C1065: 11.296608 | D1065: -73.89305 | E1065: Colombia | F1065: South America | G1065: South America | H1065: North Atlantic Ocean | I1065: 4.0563984 | J1065: 2.8265896 | K1065: 2.2985404 | L1065: 2.8180146 | M1065: 2.9916062 | N1065: 2.5986557 | O1065: 2.8451042 | P1065: 3.4415052 | Q1065: 4.1030016 | R1065: 6.5685263 | S1065: 10.823918 | T1065: 9.5798635 | U1065: =AVERAGE(I1065:T1065) -> 4.5793103 | V1065: =U1065*0.3 -> 1.3737931 | W1065: 20 | X1065: =W1065/100*U1065 -> 0.91586206 | Y1065: 0.91586208 | Z1065: 0.91586208 | AA1065: 0.91586208 | AB1065: 0.91586208 | AC1065: 0.91586208 | AD1065: 0.91586208 | AE1065: 0.91586208 | AF1065: 0.91586208 | AG1065: 0.91586208 | AH1065: 0.91586208 | AI1065: 0.91586208 | AJ1065: 0.91586208 | AK1065: =SUM(Y1065:AJ1065) -> 10.990345 | AL1065: =AK1065/(X1065*12)*100 -> 100
A1066: 1064 | B1066: Rio Guachaca | C1066: 11.264161 | D1066: -73.821225 | E1066: Colombia | F1066: South America | G1066: South America | H1066: North Atlantic Ocean | I1066: 11.481467 | J1066: 9.7678509 | K1066: 8.6970339 | L1066: 9.5275068 | M1066: 12.081898 | N1066: 13.353432 | O1066: 15.254056 | P1066: 17.60696 | Q1066: 18.037811 | R1066: 23.204157 | S1066: 28.61657 | T1066: 22.730242 | U1066: =AVERAGE(I1066:T1066) -> 15.863249 | V1066: =U1066*0.3 -> 4.7589746 | W1066: 24 | X1066: =W1066/100*U1066 -> 3.8071797 | Y1066: 3.8071799 | Z1066: 3.8071799 | AA1066: 3.8071799 | AB1066: 3.8071799 | AC1066: 3.8071799 | AD1066: 3.8071799 | AE1066: 3.8071799 | AF1066: 3.8071799 | AG1066: 3.8071799 | AH1066: 3.8071799 | AI1066: 3.8071799 | AJ1066: 3.8071799 | AK1066: =SUM(Y1066:AJ1066) -> 45.686159 | AL1066: =AK1066/(X1066*12)*100 -> 100.00001
... A1080: 1078 | B1080: Rio Caroni | C1080: 10.623181 | D1080: -61.5018 | E1080: Trinidad and Tobago | F1080: Caribbean | G1080: North America | H1080: North Atlantic Ocean | I1080: 5.0794544 | J1080: 3.3911817 | K1080: 1.6571819 | L1080: 3.8637273 | M1080: 5.4649091 | N1080: 12.403417 | O1080: 19.504 | P1080: 21.246916 | Q1080: 16.632334 | R1080: 20.497583 | S1080: 21.13125 | T1080: 20.27709 | U1080: =AVERAGE(I1080:T1080) -> 12.595754 | V1080: =U1080*0.3 -> 3.7787261 | W1080: 13 | X1080: =W1080/100*U1080 -> 1.637448 | Y1080: 1.3007286 | Z1080: 0 | AA1080: 0 | AB1080: 0.085001469 | AC1080: 1.6374478 | AD1080: 1.6374478 | AE1080: 1.6374478 | AF1080: 1.6374478 | AG1080: 1.6374478 | AH1080: 1.6374478 | AI1080: 1.6374478 | AJ1080: 1.6374478 | AK1080: =SUM(Y1080:AJ1080) -> 14.485312 | AL1080: =AK1080/(X1080*12)*100 -> 73.718945

Sheet SGE density
A1: River ID | B1: River name | C1: Country | D1: Ocean Basin | E1: Energy Density (MJ/m3) (see the associated research paper for details on the methodology)
E2: January | F2: February | G2: March | H2: April | I2: May | J2: June | K2: July | L2: August | M2: September | N2: October | O2: November | P2: December
A3: 1 | B3: Amazon | C3: Brazil | D3: North Atlantic Ocean | E3: 1.827365 | F3: 1.823298 | G3: 1.8222897 | H3: 1.8043659 | I3: 1.8493128 | J3: 1.9987062 | K3: 2.1135864 | L3: 2.199579 | M3: 2.2207629 | N3: 2.2242432 | O3: 2.2219565 | P3: 2.2020698
A4: 2 | B4: Congo | C4: Angola | D4: South Atlantic Ocean | E4: 1.7969048 | F4: 1.8387251 | G4: 1.9182781 | H4: 1.9933208 | I4: 2.1534899 | J4: 2.2113446 | K4: 2.2307123 | L4: 2.1993293 | M4: 2.1124653 | N4: 2.065475 | O4: 2.1000635 | P4: 2.0677921
A5: 3 | B5: Orinoco | C5: Venezuela | D5: North Atlantic Ocean | E5: 1.7924595 | F5: 2.0061706 | G5: 2.029936 | H5: 2.023006 | I5: 1.9778952 | J5: 1.8254139 | K5: 1.8890276 | L5: 1.7916918 | M5: 1.9374598 | N5: 2.1011851 | O5: 2.1040468 | P5: 2.1153028
A6: 4 | B6: Changjiang | C6: China | D6: North Pacific Ocean | E6: 1.6834994 | F6: 1.7120678 | G6: 1.7131897 | H6: 1.7526 | I6: 1.8234538 | J6: 1.8515053 | K6: 1.8813777 | L6: 2.0100846 | M6: 1.8822137 | N6: 1.8452436 | O6: 1.8146613 | P6: 1.7587954
A7: 5 | B7: Brahmaputra | C7: Bangladesh | D7: Indian Ocean | E7: 1.6661784 | F7: 1.7780079 | G7: 1.8534116 | H7: 1.900203 | I7: 1.9115075 | J7: 1.8600695 | K7: 1.7892036 | L7: 1.8038062 | M7: 1.7955035 | N7: 1.8067208 | O7: 1.7697118 | P7: 1.7203006
A8: 6 | B8: Mississippi | C8: United States | D8: North Atlantic Ocean | E8: 1.8798948 | F8: 1.8344269 | G8: 1.7396389 | H8: 1.8558395 | I8: 1.9408699 | J8: 1.7899198 | K8: 1.8040607 | L8: 1.7797009 | M8: 1.9802667 | N8: 2.039438 | O8: 2.025393 | P8: 1.9883149
A9: 7 | B9: Yenisey | C9: Russia | D9: Arctic Ocean | E9: 1.9716302 | F9: 1.7518459 | G9: 1.8189378 | H9: 1.7652381 | I9: 1.8114089 | J9: 1.6713123 | K9: 1.9847719 | L9: 1.9521637 | M9: 1.9449488 | N9: 1.9285149 | O9: 1.7564762 | P9: 1.7203234
A10: 8 | B10: Parana | C10: Argentina | D10: South Atlantic Ocean | E10: 1.8757285 | F10: 1.9176478 | G10: 1.9172615 | H10: 1.8001786 | I10: 1.9060754 | J10: 2.0164675 | K10: 2.0570352 | L10: 2.0313218 | M10: 2.0350498 | N10: 2.0121278 | O10: 1.8472386 | P10: 1.9713432
A11: 9 | B11: Lena | C11: Russia | D11: Arctic Ocean | E11: 1.7952416 | F11: 1.7248873 | G11: 1.8954004 | H11: 1.8662535 | I11: 1.8937165 | J11: 1.888285 | K11: 1.8568707 | L11: 1.8189089 | M11: 1.7992323 | N11: 1.8032522 | O11: 1.7839918 | P11: 1.7836229
A12: 10 | B12: Mekong | C12: Vietnam | D12: South China and Easter Archipelagic Seas | E12: 2.0301534 | F12: 2.0657153 | G12: 2.0470578 | H12: 2.0185917 | I12: 1.9603922 | J12: 1.9634933 | K12: 1.8148414 | L12: 1.8155604 | M12: 1.8373858 | N12: 1.8295025 | O12: 1.9654629 | P12: 1.9757779
A13: 11 | B13: Tocantins | C13: Brazil | D13: South Atlantic Ocean | E13: 1.834581 | F13: 1.8256743 | G13: 1.8558598 | H13: 1.8057717 | I13: 2.1224128 | J13: 2.1812831 | K13: 2.2078102 | L13: 2.2171766 | M13: 2.2160871 | N13: 2.2087259 | O13: 2.2118872 | P13: 2.2057911
A14: 12 | B14: Ob | C14: Russia | D14: Arctic Ocean | E14: 1.645837 | F14: 1.8120813 | G14: 1.8710044 | H14: 1.7711858 | I14: 1.9086516 | J14: 1.8809129 | K14: 1.7916694 | L14: 1.7790158 | M14: 1.8058899 | N14: 1.8168196 | O14: 1.8050513 | P14: 1.802658
... A1080: 1078 | B1080: Rio Caroni | C1080: Trinidad and Tobago | D1080: North Atlantic Ocean | E1080: 1.9926026 | F1080: 2.0480832 | G1080: 2.0626212 | H1080: 2.102738 | I1080: 2.0808824 | J1080: 1.9701186 | K1080: 1.8538218 | L1080: 1.8382298 | M1080: 1.802572 | N1080: 1.8860644 | O1080: 2.0132034 | P1080: 2.1119844

Sheet Theoretical SGE potential
A1: River ID | B1: River name | C1: Country | D1: Ocean Basin | E1: Theoretical SGE Potential (MW) (see the associated research paper for details on the methodology)
E2: January | F2: February | G2: March | H2: April | I2: May | J2: June | K2: July | L2: August | M2: September | N2: October | O2: November | P2: December | Q2: Average
A3: 1 | B3: Amazon | C3: Brazil | D3: North Atlantic Ocean | E3: =Rivers!I3*'SGE density'!E3 -> 299901.81 | F3: =Rivers!J3*'SGE density'!F3 -> 363405.34 | G3: =Rivers!K3*'SGE density'!G3 -> 428467.63 | H3: =Rivers!L3*'SGE density'!H3 -> 474947.17 | I3: =Rivers!M3*'SGE density'!I3 -> 502151.61 | J3: =Rivers!N3*'SGE density'!J3 -> 508475.67 | K3: =Rivers!O3*'SGE density'!K3 -> 486851.11 | L3: =Rivers!P3*'SGE density'!L3 -> 434868.21 | ... P3: =Rivers!T3*'SGE density'!P3 -> 291926.09 | Q3: =AVERAGE(E3:P3) -> 388625.39
A4: 2 | B4: Congo | C4: Angola | D4: South Atlantic Ocean | E4: =Rivers!I4*'SGE density'!E4 -> 85900.711 | F4: =Rivers!J4*'SGE density'!F4 -> 69585.178 | G4: =Rivers!K4*'SGE density'!G4 -> 66183.164 | H4: =Rivers!L4*'SGE density'!H4 -> 73429.229 | I4: =Rivers!M4*'SGE density'!I4 -> 82845.599 | J4: =Rivers!N4*'SGE density'!J4 -> 79387.719 | K4: =Rivers!O4*'SGE density'!K4 -> 69499.016 | L4: =Rivers!P4*'SGE density'!L4 -> 67519.373 | ... P4: =Rivers!T4*'SGE density'!P4 -> 115671.71 | Q4: =AVERAGE(E4:P4) -> 81813.434
A5: 3 | B5: Orinoco | C5: Venezuela | D5: North Atlantic Ocean | E5: =Rivers!I5*'SGE density'!E5 -> 23639.175 | F5: =Rivers!J5*'SGE density'!F5 -> 17777.144 | G5: =Rivers!K5*'SGE density'!G5 -> 14713.74 | H5: =Rivers!L5*'SGE density'!H5 -> 18336.247 | I5: =Rivers!M5*'SGE density'!I5 -> 38748.158 | J5: =Rivers!N5*'SGE density'!J5 -> 65338.267 | K5: =Rivers!O5*'SGE density'!K5 -> 100192.68 | L5: =Rivers!P5*'SGE density'!L5 -> 116870.6 | ... P5: =Rivers!T5*'SGE density'!P5 -> 45409.623 | Q5: =AVERAGE(E5:P5) -> 60509.098
A6: 4 | B6: Changjiang | C6: China | D6: North Pacific Ocean | E6: =Rivers!I6*'SGE density'!E6 -> 16632.448 | F6: =Rivers!J6*'SGE density'!F6 -> 19206.846 | G6: =Rivers!K6*'SGE density'!G6 -> 27525.311 | H6: =Rivers!L6*'SGE density'!H6 -> 39410.312 | I6: =Rivers!M6*'SGE density'!I6 -> 58635.217 | J6: =Rivers!N6*'SGE density'!J6 -> 72129.519 | K6: =Rivers!O6*'SGE density'!K6 -> 84440.73 | L6: =Rivers!P6*'SGE density'!L6 -> 87221.042 | ... P6: =Rivers!T6*'SGE density'!P6 -> 23643.325 | Q6: =AVERAGE(E6:P6) -> 50730.046
A7: 5 | B7: Brahmaputra | C7: Bangladesh | D7: Indian Ocean | E7: =Rivers!I7*'SGE density'!E7 -> 10164.174 | F7: =Rivers!J7*'SGE density'!F7 -> 8019.406 | G7: =Rivers!K7*'SGE density'!G7 -> 7544.4906 | H7: =Rivers!L7*'SGE density'!H7 -> 10827.828 | I7: =Rivers!M7*'SGE density'!I7 -> 19077.91 | J7: =Rivers!N7*'SGE density'!J7 -> 36245.109 | K7: =Rivers!O7*'SGE density'!K7 -> 60612.325 | L7: =Rivers!P7*'SGE density'!L7 -> 81553.615 | ... P7: =Rivers!T7*'SGE density'!P7 -> 17832.586 | Q7: =AVERAGE(E7:P7) -> 36139.579
A8: 6 | B8: Mississippi | C8: United States | D8: North Atlantic Ocean | E8: =Rivers!I8*'SGE density'!E8 -> 35019.848 | F8: =Rivers!J8*'SGE density'!F8 -> 39168.955 | G8: =Rivers!K8*'SGE density'!G8 -> 44163.525 | H8: =Rivers!L8*'SGE density'!H8 -> 50981.296 | I8: =Rivers!M8*'SGE density'!I8 -> 49600.091 | J8: =Rivers!N8*'SGE density'!J8 -> 36556.725 | K8: =Rivers!O8*'SGE density'!K8 -> 28041.071 | L8: =Rivers!P8*'SGE density'!L8 -> 19089.002 | ... P8: =Rivers!T8*'SGE density'!P8 -> 30153.578 | Q8: =AVERAGE(E8:P8) -> 32509.39
A9: 7 | B9: Yenisey | C9: Russia | D9: Arctic Ocean | E9: =Rivers!I9*'SGE density'!E9 -> 13478.356 | F9: =Rivers!J9*'SGE density'!F9 -> 12042.936 | G9: =Rivers!K9*'SGE density'!G9 -> 12206.643 | H9: =Rivers!L9*'SGE density'!H9 -> 12016.368 | I9: =Rivers!M9*'SGE density'!I9 -> 52024.217 | J9: =Rivers!N9*'SGE density'!J9 -> 131080.33 | K9: =Rivers!O9*'SGE density'!K9 -> 51311.622 | L9: =Rivers!P9*'SGE density'!L9 -> 33766.012 | ... P9: =Rivers!T9*'SGE density'!P9 -> 11431.746 | Q9: =AVERAGE(E9:P9) -> 33670.668
A10: 8 | B10: Parana | C10: Argentina | D10: South Atlantic Ocean | E10: =Rivers!I10*'SGE density'!E10 -> 29364.91 | F10: =Rivers!J10*'SGE density'!F10 -> 33110.312 | G10: =Rivers!K10*'SGE density'!G10 -> 34913.67 | H10: =Rivers!L10*'SGE density'!H10 -> 33090.401 | I10: =Rivers!M10*'SGE density'!I10 -> 33123.927 | J10: =Rivers!N10*'SGE density'!J10 -> 33576.469 | K10: =Rivers!O10*'SGE density'!K10 -> 33389.753 | L10: =Rivers!P10*'SGE density'!L10 -> 29282.329 | ... P10: =Rivers!T10*'SGE density'!P10 -> 28486.467 | Q10: =AVERAGE(E10:P10) -> 30845.785
A11: 9 | B11: Lena | C11: Russia | D11: Arctic Ocean | E11: =Rivers!I11*'SGE density'!E11 -> 5498.3898 | F11: =Rivers!J11*'SGE density'!F11 -> 4201.9877 | G11: =Rivers!K11*'SGE density'!G11 -> 3600.3844 | H11: =Rivers!L11*'SGE density'!H11 -> 2894.2945 | I11: =Rivers!M11*'SGE density'!I11 -> 13934.97 | J11: =Rivers!N11*'SGE density'!J11 -> 139512.22 | K11: =Rivers!O11*'SGE density'!K11 -> 73579.309 | L11: =Rivers!P11*'SGE density'!L11 -> 49802.345 | ... P11: =Rivers!T11*'SGE density'!P11 -> 5615.5964 | Q11: =AVERAGE(E11:P11) -> 31395.913
A12: 10 | B12: Mekong | C12: Vietnam | D12: South China and Easter Archipelagic Seas | E12: =Rivers!I12*'SGE density'!E12 -> 5670.4623 | F12: =Rivers!J12*'SGE density'!F12 -> 4439.9958 | G12: =Rivers!K12*'SGE density'!G12 -> 3700.5328 | H12: =Rivers!L12*'SGE density'!H12 -> 3606.5621 | I12: =Rivers!M12*'SGE density'!I12 -> 5729.3631 | J12: =Rivers!N12*'SGE density'!J12 -> 17559.106 | K12: =Rivers!O12*'SGE density'!K12 -> 31543.365 | L12: =Rivers!P12*'SGE density'!L12 -> 49729.847 | ... P12: =Rivers!T12*'SGE density'!P12 -> 8428.4736 | Q12: =AVERAGE(E12:P12) -> 18861.146
A13: 11 | B13: Tocantins | C13: Brazil | D13: South Atlantic Ocean | E13: =Rivers!I13*'SGE density'!E13 -> 24405.096 | F13: =Rivers!J13*'SGE density'!F13 -> 34403.47 | G13: =Rivers!K13*'SGE density'!G13 -> 41771.549 | H13: =Rivers!L13*'SGE density'!H13 -> 40597.071 | I13: =Rivers!M13*'SGE density'!I13 -> 31682.136 | J13: =Rivers!N13*'SGE density'!J13 -> 16004.483 | K13: =Rivers!O13*'SGE density'!K13 -> 10442.374 | L13: =Rivers!P13*'SGE density'!L13 -> 8618.2655 | ... P13: =Rivers!T13*'SGE density'!P13 -> 17657.146 | Q13: =AVERAGE(E13:P13) -> 21030.389
A14: 12 | B14: Ob | C14: Russia | D14: Arctic Ocean | E14: =Rivers!I14*'SGE density'!E14 -> 8029.4318 | F14: =Rivers!J14*'SGE density'!F14 -> 7518.7209 | G14: =Rivers!K14*'SGE density'!G14 -> 6821.8417 | H14: =Rivers!L14*'SGE density'!H14 -> 6816.9236 | I14: =Rivers!M14*'SGE density'!I14 -> 30686.214 | J14: =Rivers!N14*'SGE density'!J14 -> 62820.471 | K14: =Rivers!O14*'SGE density'!K14 -> 53140.025 | L14: =Rivers!P14*'SGE density'!L14 -> 38965.768 | ... P14: =Rivers!T14*'SGE density'!P14 -> 10033.977 | Q14: =AVERAGE(E14:P14) -> 23423.689
... A238: 236 | B238: Kymi | C238: Italy | D238: Mediterranean Region | E238: =Rivers!I238*'SGE density'!E238 -> 646.84266 | F238: =Rivers!J238*'SGE density'!F238 -> 639.44959 | G238: =Rivers!K238*'SGE density'!G238 -> 580.22479 | H238: =Rivers!L238*'SGE density'!H238 -> 645.54766 | I238: =Rivers!M238*'SGE density'!I238 -> 790.97782 | J238: =Rivers!N238*'SGE density'!J238 -> 777.55747 | K238: =Rivers!O238*'SGE density'!K238 -> 710.27382 | L238: =Rivers!P238*'SGE density'!L238 -> 661.09869 | ... P238: =Rivers!T238*'SGE density'!P238 -> 636.84396 | Q238: =AVERAGE(E238:P238) -> 661.54534
A239: 237 | B239: Sittang | C239: Myanmar | D239: Indian Ocean | E239: NaN | F239: NaN | G239: NaN | H239: NaN | I239: NaN | J239: NaN | K239: NaN | L239: NaN | M239: NaN | N239: NaN | O239: NaN | P239: NaN | Q239: NaN
A240: 238 | B240: Damodar | C240: India | D240: Indian Ocean | E240: =Rivers!I240*'SGE density'!E240 -> 54.71193 | F240: =Rivers!J240*'SGE density'!F240 -> 50.268913 | G240: =Rivers!K240*'SGE density'!G240 -> 43.157463 | H240: =Rivers!L240*'SGE density'!H240 -> 41.228279 | I240: =Rivers!M240*'SGE density'!I240 -> 73.017066 | J240: =Rivers!N240*'SGE density'!J240 -> 366.00983 | K240: =Rivers!O240*'SGE density'!K240 -> 1280.6076 | L240: =Rivers!P240*'SGE density'!L240 -> 1873.6601 | ... P240: =Rivers!T240*'SGE density'!P240 -> 78.92554 | Q240: =AVERAGE(E240:P240) -> 539.34489
A241: 239 | B241: Minho (Mino) | C241: Portugal | D241: North Atlantic Ocean | E241: =Rivers!I241*'SGE density'!E241 -> 1491.6696 | F241: =Rivers!J241*'SGE density'!F241 -> 1742.0466 | G241: =Rivers!K241*'SGE density'!G241 -> 1383.5626 | H241: =Rivers!L241*'SGE density'!H241 -> 1105.6853 | I241: =Rivers!M241*'SGE density'!I241 -> 761.67235 | J241: =Rivers!N241*'SGE density'!J241 -> 487.24378 | K241: =Rivers!O241*'SGE density'!K241 -> 286.21225 | L241: =Rivers!P241*'SGE density'!L241 -> 194.34119 | ... P241: =Rivers!T241*'SGE density'!P241 -> 1272.9915 | Q241: =AVERAGE(E241:P241) -> 834.4891
A242: 240 | B242: Nagdong (Nakdon | C242: South Korea | D242: North Pacific Ocean | E242: =Rivers!I242*'SGE density'!E242 -> 134.17246 | F242: =Rivers!J242*'SGE density'!F242 -> 176.58728 | G242: =Rivers!K242*'SGE density'!G242 -> 301.09928 | H242: =Rivers!L242*'SGE density'!H242 -> 516.00027 | I242: =Rivers!M242*'SGE density'!I242 -> 364.3771 | J242: =Rivers!N242*'SGE density'!J242 -> 391.60429 | K242: =Rivers!O242*'SGE density'!K242 -> 1563.0963 | L242: =Rivers!P242*'SGE density'!L242 -> 1042.4287 | ... P242: =Rivers!T242*'SGE density'!P242 -> 201.09724 | Q242: =AVERAGE(E242:P242) -> 541.72086
A243: 241 | B243: Patía | C243: Colombia | D243: North Pacific Ocean | E243: =Rivers!I243*'SGE density'!E243 -> 582.8378 | F243: =Rivers!J243*'SGE density'!F243 -> 544.86312 | G243: =Rivers!K243*'SGE density'!G243 -> 554.66021 | H243: =Rivers!L243*'SGE density'!H243 -> 735.69086 | I243: =Rivers!M243*'SGE density'!I243 -> 714.15436 | J243: =Rivers!N243*'SGE density'!J243 -> 496.16638 | K243: =Rivers!O243*'SGE density'!K243 -> 417.65738 | L243: =Rivers!P243*'SGE density'!L243 -> 316.85816 | ... P243: =Rivers!T243*'SGE density'!P243 -> 678.62332 | Q243: =AVERAGE(E243:P243) -> 534.57408
A244: 242 | B244: Pearl | C244: United States | D244: North Atlantic Ocean | E244: =Rivers!I244*'SGE density'!E244 -> 795.61125 | F244: =Rivers!J244*'SGE density'!F244 -> 1045.1415 | G244: =Rivers!K244*'SGE density'!G244 -> 1073.8032 | H244: =Rivers!L244*'SGE density'!H244 -> 980.25269 | I244: =Rivers!M244*'SGE density'!I244 -> 572.66434 | J244: =Rivers!N244*'SGE density'!J244 -> 286.20626 | K244: =Rivers!O244*'SGE density'!K244 -> 237.16234 | L244: =Rivers!P244*'SGE density'!L244 -> 192.61238 | ... P244: =Rivers!T244*'SGE density'!P244 -> 543.15817 | Q244: =AVERAGE(E244:P244) -> 529.02768
A245: 243 | B245: Pascagoula | C245: United States | D245: North Atlantic Ocean | E245: =Rivers!I245*'SGE density'!E245 -> 771.06477 | F245: =Rivers!J245*'SGE density'!F245 -> 952.35856 | G245: =Rivers!K245*'SGE density'!G245 -> 1048.4643 | H245: =Rivers!L245*'SGE density'!H245 -> 937.72856 | I245: =Rivers!M245*'SGE density'!I245 -> 513.15525 | J245: =Rivers!N245*'SGE density'!J245 -> 277.58236 | K245: =Rivers!O245*'SGE density'!K245 -> 275.7873 | L245: =Rivers!P245*'SGE density'!L245 -> 199.10799 | ... P245: =Rivers!T245*'SGE density'!P245 -> 573.74904 | Q245: =AVERAGE(E245:P245) -> 517.96056
A246: 244 | B246: Pee Dee | C246: United States | D246: North Atlantic Ocean | E246: =Rivers!I246*'SGE density'!E246 -> 1075.7304 | F246: =Rivers!J246*'SGE density'!F246 -> 1391.8723 | G246: =Rivers!K246*'SGE density'!G246 -> 1567.6717 | H246: =Rivers!L246*'SGE density'!H246 -> 1286.7195 | I246: =Rivers!M246*'SGE density'!I246 -> 826.81204 | J246: =Rivers!N246*'SGE density'!J246 -> 645.92463 | K246: =Rivers!O246*'SGE density'!K246 -> 598.05406 | L246: =Rivers!P246*'SGE density'!L246 -> 611.86228 | ... P246: =Rivers!T246*'SGE density'!P246 -> 771.60174 | Q246: =AVERAGE(E246:P246) -> 871.8576
A247: 245 | B247: Kem | C247: Russia | D247: Arctic Ocean | E247: =Rivers!I247*'SGE density'!E247 -> 314.52227 | F247: =Rivers!J247*'SGE density'!F247 -> 262.06034 | G247: =Rivers!K247*'SGE density'!G247 -> 210.69256 | H247: =Rivers!L247*'SGE density'!H247 -> 273.36351 | I247: =Rivers!M247*'SGE density'!I247 -> 1112.3306 | J247: =Rivers!N247*'SGE density'!J247 -> 1061.5572 | K247: =Rivers!O247*'SGE density'!K247 -> 706.07564 | L247: =Rivers!P247*'SGE density'!L247 -> 576.99566 | ... P247: =Rivers!T247*'SGE density'!P247 -> 382.44585 | Q247: =AVERAGE(E247:P247) -> 539.88486
A248: 246 | B248: Waiau (S) | C248: New Zealand | D248: South Pacific Ocean | E248: =Rivers!I248*'SGE density'!E248 -> 616.18726 | F248: =Rivers!J248*'SGE density'!F248 -> 635.59086 | G248: =Rivers!K248*'SGE density'!G248 -> 652.60191 | H248: =Rivers!L248*'SGE density'!H248 -> 647.01893 | I248: =Rivers!M248*'SGE density'!I248 -> 627.46055 | J248: =Rivers!N248*'SGE density'!J248 -> 549.81829 | K248: =Rivers!O248*'SGE density'!K248 -> 507.34912 | L248: =Rivers!P248*'SGE density'!L248 -> 485.32212 | ... P248: =Rivers!T248*'SGE density'!P248 -> 682.65666 | Q248: =AVERAGE(E248:P248) -> 615.77548
A249: 247 | B249: Ntem | C249: Cameroon | D249: North Atlantic Ocean | E249: =Rivers!I249*'SGE density'!E249 -> 231.72058 | F249: =Rivers!J249*'SGE density'!F249 -> 198.12006 | G249: =Rivers!K249*'SGE density'!G249 -> 290.00202 | H249: =Rivers!L249*'SGE density'!H249 -> 497.34297 | I249: =Rivers!M249*'SGE density'!I249 -> 617.78031 | J249: =Rivers!N249*'SGE density'!J249 -> 606.65943 | K249: =Rivers!O249*'SGE density'!K249 -> 368.64741 | L249: =Rivers!P249*'SGE density'!L249 -> 176.73836 | ... P249: =Rivers!T249*'SGE density'!P249 -> 565.35426 | Q249: =AVERAGE(E249:P249) -> 499.3806
A250: 248 | B250: Mae Klong | C250: Thailand | D250: South China and Easter Archipelagic Seas | E250: =Rivers!I250*'SGE density'!E250 -> 261.42494 | F250: =Rivers!J250*'SGE density'!F250 -> 248.82203 | G250: =Rivers!K250*'SGE density'!G250 -> 470.52301 | H250: =Rivers!L250*'SGE density'!H250 -> 715.33681 | I250: =Rivers!M250*'SGE density'!I250 -> 1191.6189 | J250: =Rivers!N250*'SGE density'!J250 -> 1173.4486 | K250: =Rivers!O250*'SGE density'!K250 -> 1003.6191 | L250: =Rivers!P250*'SGE density'!L250 -> 490.73706 | ... P250: =Rivers!T250*'SGE density'!P250 -> 183.58982 | Q250: =AVERAGE(E250:P250) -> 538.13009
A251: 249 | B251: Cagayan | C251: Philippines | D251: South China and Easter Archipelagic Seas | E251: =Rivers!I251*'SGE density'!E251 -> 423.07682 | F251: =Rivers!J251*'SGE density'!F251 -> 243.16871 | G251: =Rivers!K251*'SGE density'!G251 -> 269.14207 | H251: =Rivers!L251*'SGE density'!H251 -> 161.19535 | I251: =Rivers!M251*'SGE density'!I251 -> 191.67523 | J251: =Rivers!N251*'SGE density'!J251 -> 280.71445 | K251: =Rivers!O251*'SGE density'!K251 -> 558.39387 | L251: =Rivers!P251*'SGE density'!L251 -> 349.70362 | ... P251: =Rivers!T251*'SGE density'!P251 -> 953.19786 | Q251: =AVERAGE(E251:P251) -> 551.42757
... A457: 455 | B457: Kiiminki | C457: Finland | D457: Baltic Sea | E457: =Rivers!I457*'SGE density'!E457 -> 31.522885 | F457: =Rivers!J457*'SGE density'!F457 -> 18.756552 | G457: =Rivers!K457*'SGE density'!G457 -> 15.580348 | H457: =Rivers!L457*'SGE density'!H457 -> 103.92985 | I457: =Rivers!M457*'SGE density'!I457 -> 289.06116 | J457: =Rivers!N457*'SGE density'!J457 -> 120.76104 | K457: =Rivers!O457*'SGE density'!K457 -> 53.270484 | L457: =Rivers!P457*'SGE density'!L457 -> 51.054318 | ... P457: =Rivers!T457*'SGE density'!P457 -> 56.266876 | Q457: =AVERAGE(E457:P457) -> 80.347117
A458: 456 | B458: Tuxpan | C458: Mexico | D458: North Atlantic Ocean | E458: =Rivers!I458*'SGE density'!E458 -> 46.389368 | F458: =Rivers!J458*'SGE density'!F458 -> 38.77727 | G458: =Rivers!K458*'SGE density'!G458 -> 36.303461 | H458: =Rivers!L458*'SGE density'!H458 -> 30.467883 | I458: =Rivers!M458*'SGE density'!I458 -> 47.352276 | J458: =Rivers!N458*'SGE density'!J458 -> 137.68125 | K458: =Rivers!O458*'SGE density'!K458 -> 273.53437 | L458: =Rivers!P458*'SGE density'!L458 -> 104.32862 | M458: NaN | N458: =Rivers!R458*'SGE density'!N458 -> 126.80478 | O458: =Rivers!S458*'SGE density'!O458 -> 187.57901 | P458: =Rivers!T458*'SGE density'!P458 -> 118.03139 | Q458: =AVERAGE(E458:P458) -> 104.29543
A459: 457 | B459: Var | C459: France | D459: Mediterranean Region | E459: =Rivers!I459*'SGE density'!E459 -> 72.023679 | F459: =Rivers!J459*'SGE density'!F459 -> 89.605621 | G459: =Rivers!K459*'SGE density'!G459 -> 110.47023 | H459: =Rivers!L459*'SGE density'!H459 -> 95.507415 | I459: =Rivers!M459*'SGE density'!I459 -> 155.38056 | J459: =Rivers!N459*'SGE density'!J459 -> 170.38236 | K459: =Rivers!O459*'SGE density'!K459 -> 87.195535 | L459: =Rivers!P459*'SGE density'!L459 -> 51.391578 | ... P459: =Rivers!T459*'SGE density'!P459 -> 48.034077 | Q459: =AVERAGE(E459:P459) -> 92.037212
A460: 458 | B460: Yeong San | C460: South Korea | D460: North Pacific Ocean | E460: =Rivers!I460*'SGE density'!E460 -> 32.823347 | F460: =Rivers!J460*'SGE density'!F460 -> 61.915313 | G460: =Rivers!K460*'SGE density'!G460 -> 47.741484 | H460: =Rivers!L460*'SGE density'!H460 -> 100.74857 | I460: =Rivers!M460*'SGE density'!I460 -> 61.580343 | J460: =Rivers!N460*'SGE density'!J460 -> 174.2171 | K460: =Rivers!O460*'SGE density'!K460 -> 97.079865 | L460: =Rivers!P460*'SGE density'!L460 -> 142.39317 | ... P460: =Rivers!T460*'SGE density'!P460 -> 36.590901 | Q460: =AVERAGE(E460:P460) -> 78.49735
A461: 459 | B461: Coco | C461: Honduras | D461: North Pacific Ocean | E461: =Rivers!I461*'SGE density'!E461 -> 20.288437 | F461: =Rivers!J461*'SGE density'!F461 -> 13.012794 | G461: =Rivers!K461*'SGE density'!G461 -> 10.071784 | H461: =Rivers!L461*'SGE density'!H461 -> 12.152744 | I461: =Rivers!M461*'SGE density'!I461 -> 89.824313 | J461: =Rivers!N461*'SGE density'!J461 -> 80.480113 | K461: =Rivers!O461*'SGE density'!K461 -> 77.833175 | L461: =Rivers!P461*'SGE density'!L461 -> 96.905606 | ... P461: =Rivers!T461*'SGE density'!P461 -> 27.038946 | Q461: =AVERAGE(E461:P461) -> 65.661666
A462: 460 | B462: Palyavaam | C462: Russia | D462: Arctic Ocean | E462: =Rivers!I462*'SGE density'!E462 -> 0.0019150575 | F462: =Rivers!J462*'SGE density'!F462 -> 0.0016947431 | G462: =Rivers!K462*'SGE density'!G462 -> 0.0016831957 | H462: =Rivers!L462*'SGE density'!H462 -> 0.0017191416 | I462: =Rivers!M462*'SGE density'!I462 -> 22.377409 | J462: =Rivers!N462*'SGE density'!J462 -> 332.76003 | K462: =Rivers!O462*'SGE density'!K462 -> 211.48079 | L462: =Rivers!P462*'SGE density'!L462 -> 172.95463 | ... P462: =Rivers!T462*'SGE density'!P462 -> 0.19812732 | Q462: =AVERAGE(E462:P462) -> 70.435083
A463: 461 | B463: Kikuchi | C463: Japan | D463: North Pacific Ocean | E463: =Rivers!I463*'SGE density'!E463 -> 31.395953 | F463: =Rivers!J463*'SGE density'!F463 -> 31.522359 | G463: =Rivers!K463*'SGE density'!G463 -> 38.154676 | H463: =Rivers!L463*'SGE density'!H463 -> 51.419009 | I463: =Rivers!M463*'SGE density'!I463 -> 73.736824 | J463: =Rivers!N463*'SGE density'!J463 -> 129.42329 | K463: =Rivers!O463*'SGE density'!K463 -> 233.8663 | L463: =Rivers!P463*'SGE density'!L463 -> 107.89402 | ... P463: =Rivers!T463*'SGE density'!P463 -> 34.415641 | Q463: =AVERAGE(E463:P463) -> 75.303747
A464: 462 | B464: Candelaria | C464: Mexico | D464: North Atlantic Ocean | E464: =Rivers!I464*'SGE density'!E464 -> 63.127872 | F464: =Rivers!J464*'SGE density'!F464 -> 43.275131 | G464: =Rivers!K464*'SGE density'!G464 -> 42.04108 | H464: =Rivers!L464*'SGE density'!H464 -> 35.795288 | I464: =Rivers!M464*'SGE density'!I464 -> 32.705832 | J464: =Rivers!N464*'SGE density'!J464 -> 43.230909 | K464: =Rivers!O464*'SGE density'!K464 -> 73.246156 | L464: =Rivers!P464*'SGE density'!L464 -> 72.287439 | ... P464: =Rivers!T464*'SGE density'!P464 -> 133.67187 | Q464: =AVERAGE(E464:P464) -> 88.092461
A465: 463 | B465: Almas [das] (Je | C465: Brazil | D465: South Atlantic Ocean | E465: =Rivers!I465*'SGE density'!E465 -> 81.929795 | F465: =Rivers!J465*'SGE density'!F465 -> 81.390892 | G465: =Rivers!K465*'SGE density'!G465 -> 88.244317 | H465: =Rivers!L465*'SGE density'!H465 -> 111.37074 | I465: =Rivers!M465*'SGE density'!I465 -> 96.644183 | J465: =Rivers!N465*'SGE density'!J465 -> 104.73568 | K465: =Rivers!O465*'SGE density'!K465 -> 120.76523 | L465: =Rivers!P465*'SGE density'!L465 -> 117.27333 | ... P465: =Rivers!T465*'SGE density'!P465 -> 97.92638 | Q465: =AVERAGE(E465:P465) -> 97.683033
A466: 464 | B466: Sinaloa | C466: Mexico | D466: North Pacific Ocean | E466: =Rivers!I466*'SGE density'!E466 -> 95.824172 | F466: =Rivers!J466*'SGE density'!F466 -> 47.021324 | G466: =Rivers!K466*'SGE density'!G466 -> 24.3308 | H466: =Rivers!L466*'SGE density'!H466 -> 9.844993 | I466: =Rivers!M466*'SGE density'!I466 -> 8.8116526 | J466: =Rivers!N466*'SGE density'!J466 -> 23.68678 | K466: =Rivers!O466*'SGE density'!K466 -> 158.53714 | L466: =Rivers!P466*'SGE density'!L466 -> 252.3288 | ... P466: =Rivers!T466*'SGE density'!P466 -> 70.429162 | Q466: =AVERAGE(E466:P466) -> 85.240965
A467: 465 | B467: Trang | C467: Thailand | D467: South China and Easter Archipelagic Seas | E467: =Rivers!I467*'SGE density'!E467 -> 87.51622 | F467: =Rivers!J467*'SGE density'!F467 -> 22.901908 | G467: =Rivers!K467*'SGE density'!G467 -> 13.79119 | H467: =Rivers!L467*'SGE density'!H467 -> 12.959441 | I467: =Rivers!M467*'SGE density'!I467 -> 29.537393 | J467: =Rivers!N467*'SGE density'!J467 -> 39.040009 | K467: =Rivers!O467*'SGE density'!K467 -> 67.032188 | L467: =Rivers!P467*'SGE density'!L467 -> 63.151377 | ... P467: =Rivers!T467*'SGE density'!P467 -> 145.69066 | Q467: =AVERAGE(E467:P467) -> 74.026139
A468: 466 | B468: Midori | C468: Japan | D468: North Pacific Ocean | E468: =Rivers!I468*'SGE density'!E468 -> 27.172808 | F468: =Rivers!J468*'SGE density'!F468 -> 28.363585 | G468: =Rivers!K468*'SGE density'!G468 -> 33.620731 | H468: =Rivers!L468*'SGE density'!H468 -> 46.20784 | I468: =Rivers!M468*'SGE density'!I468 -> 47.071578 | J468: =Rivers!N468*'SGE density'!J468 -> 154.67647 | K468: =Rivers!O468*'SGE density'!K468 -> 269.52592 | L468: =Rivers!P468*'SGE density'!L468 -> 134.47089 | ... P468: =Rivers!T468*'SGE density'!P468 -> 28.875056 | Q468: =AVERAGE(E468:P468) -> 76.808277
A469: 467 | B469: Jucar | C469: Spain | D469: Mediterranean Region | E469: =Rivers!I469*'SGE density'!E469 -> 96.973967 | F469: =Rivers!J469*'SGE density'!F469 -> 97.111736 | G469: =Rivers!K469*'SGE density'!G469 -> 97.33009 | H469: =Rivers!L469*'SGE density'!H469 -> 90.01585 | I469: =Rivers!M469*'SGE density'!I469 -> 95.40277 | J469: =Rivers!N469*'SGE density'!J469 -> 93.040606 | K469: =Rivers!O469*'SGE density'!K469 -> 100.14801 | L469: =Rivers!P469*'SGE density'!L469 -> 96.492258 | ... P469: =Rivers!T469*'SGE density'!P469 -> 87.082578 | Q469: =AVERAGE(E469:P469) -> 92.960081
A470: 468 | B470: Nestos (Mesta) | C470: Greece | D470: Mediterranean Region | E470: =Rivers!I470*'SGE density'!E470 -> 86.467888 | F470: =Rivers!J470*'SGE density'!F470 -> 127.0875 | G470: =Rivers!K470*'SGE density'!G470 -> 120.44336 | H470: =Rivers!L470*'SGE density'!H470 -> 150.10592 | I470: =Rivers!M470*'SGE density'!I470 -> 146.11143 | J470: =Rivers!N470*'SGE density'!J470 -> 105.75318 | K470: =Rivers!O470*'SGE density'!K470 -> 46.019461 | L470: =Rivers!P470*'SGE density'!L470 -> 25.414473 | ... P470: =Rivers!T470*'SGE density'!P470 -> 97.337682 | Q470: =AVERAGE(E470:P470) -> 85.666287
... A550: 548 | B550: Jiyun | C550: China | D550: North Pacific Ocean | E550: =Rivers!I550*'SGE density'!E550 -> 19.792752 | F550: =Rivers!J550*'SGE density'!F550 -> 16.898543 | G550: =Rivers!K550*'SGE density'!G550 -> 16.987104 | H550: =Rivers!L550*'SGE density'!H550 -> 17.061047 | I550: =Rivers!M550*'SGE density'!I550 -> 18.301349 | J550: =Rivers!N550*'SGE density'!J550 -> 19.787996 | K550: =Rivers!O550*'SGE density'!K550 -> 62.2725 | L550: =Rivers!P550*'SGE density'!L550 -> 154.97246 | ... P550: =Rivers!T550*'SGE density'!P550 -> 20.945695 | Q550: =AVERAGE(E550:P550) -> 42.406785
A551: 549 | B551: Macarthur | C551: Australia | D551: Indian Ocean | E551: NaN | F551: NaN | G551: NaN | H551: NaN | I551: NaN | J551: NaN | K551: NaN | L551: NaN | M551: NaN | N551: NaN | O551: NaN | P551: NaN | Q551: NaN
A552: 550 | B552: Tamar | C552: United Kingdom | D552: North Atlantic Ocean | E552: =Rivers!I552*'SGE density'!E552 -> 92.810333 | F552: =Rivers!J552*'SGE density'!F552 -> 73.620897 | G552: =Rivers!K552*'SGE density'!G552 -> 51.067787 | H552: =Rivers!L552*'SGE density'!H552 -> 33.76354 | I552: =Rivers!M552*'SGE density'!I552 -> 21.554865 | J552: =Rivers!N552*'SGE density'!J552 -> 14.551704 | K552: =Rivers!O552*'SGE density'!K552 -> 12.675995 | L552: =Rivers!P552*'SGE density'!L552 -> 15.840637 | ... P552: =Rivers!T552*'SGE density'!P552 -> 93.0307 | Q552: =AVERAGE(E552:P552) -> 45.811599
A553: 551 | B553: Hutt | C553: New Zealand | D553: South Pacific Ocean | E553: =Rivers!I553*'SGE density'!E553 -> 27.406678 | F553: =Rivers!J553*'SGE density'!F553 -> 19.482787 | G553: =Rivers!K553*'SGE density'!G553 -> 25.506171 | H553: =Rivers!L553*'SGE density'!H553 -> 32.475767 | I553: =Rivers!M553*'SGE density'!I553 -> 48.491448 | J553: =Rivers!N553*'SGE density'!J553 -> 56.720414 | K553: =Rivers!O553*'SGE density'!K553 -> 62.342723 | L553: =Rivers!P553*'SGE density'!L553 -> 58.021187 | ... P553: =Rivers!T553*'SGE density'!P553 -> 40.022433 | Q553: =AVERAGE(E553:P553) -> 43.376796
A554: 552 | B554: Zolotitsa | C554: Russia | D554: Arctic Ocean | E554: =Rivers!I554*'SGE density'!E554 -> 9.9561371 | F554: =Rivers!J554*'SGE density'!F554 -> 10.060471 | G554: =Rivers!K554*'SGE density'!G554 -> 8.2076252 | H554: =Rivers!L554*'SGE density'!H554 -> 25.912072 | I554: =Rivers!M554*'SGE density'!I554 -> 196.93238 | J554: =Rivers!N554*'SGE density'!J554 -> 86.748337 | K554: =Rivers!O554*'SGE density'!K554 -> 33.741917 | L554: =Rivers!P554*'SGE density'!L554 -> 23.674787 | ... P554: =Rivers!T554*'SGE density'!P554 -> 16.914689 | Q554: =AVERAGE(E554:P554) -> 45.169812
A555: 553 | B555: Rinda | C555: Russia | D555: Arctic Ocean | E555: =Rivers!I555*'SGE density'!E555 -> 9.530731 | F555: =Rivers!J555*'SGE density'!F555 -> 7.7121001 | G555: =Rivers!K555*'SGE density'!G555 -> 5.6805366 | H555: =Rivers!L555*'SGE density'!H555 -> 5.856638 | I555: =Rivers!M555*'SGE density'!I555 -> 120.65537 | J555: =Rivers!N555*'SGE density'!J555 -> 235.28293 | K555: =Rivers!O555*'SGE density'!K555 -> 38.123075 | L555: =Rivers!P555*'SGE density'!L555 -> 19.348683 | ... P555: =Rivers!T555*'SGE density'!P555 -> 14.147178 | Q555: =AVERAGE(E555:P555) -> 44.613409
A556: 554 | B556: Kamchiya | C556: Bulgaria | D556: Mediterranean Region | E556: =Rivers!I556*'SGE density'!E556 -> 64.971274 | F556: =Rivers!J556*'SGE density'!F556 -> 84.626045 | G556: =Rivers!K556*'SGE density'!G556 -> 86.980979 | H556: =Rivers!L556*'SGE density'!H556 -> 74.031323 | I556: =Rivers!M556*'SGE density'!I556 -> 59.71626 | J556: =Rivers!N556*'SGE density'!J556 -> 44.337364 | K556: =Rivers!O556*'SGE density'!K556 -> 27.101692 | L556: =Rivers!P556*'SGE density'!L556 -> 18.490506 | ... P556: =Rivers!T556*'SGE density'!P556 -> 45.129092 | Q556: =AVERAGE(E556:P556) -> 46.788482
A557: 555 | B557: Contentnea Cree | C557: United States | D557: North Atlantic Ocean | E557: =Rivers!I557*'SGE density'!E557 -> 57.236705 | F557: =Rivers!J557*'SGE density'!F557 -> 70.918615 | G557: =Rivers!K557*'SGE density'!G557 -> 75.379368 | H557: =Rivers!L557*'SGE density'!H557 -> 59.416595 | I557: =Rivers!M557*'SGE density'!I557 -> 37.481074 | J557: =Rivers!N557*'SGE density'!J557 -> 27.758618 | K557: =Rivers!O557*'SGE density'!K557 -> 32.452919 | L557: =Rivers!P557*'SGE density'!L557 -> 34.901302 | ... P557: =Rivers!T557*'SGE density'!P557 -> 38.237895 | Q557: =AVERAGE(E557:P557) -> 44.185282
A558: 556 | B558: Salangselv | C558: Norway | D558: Arctic Ocean | E558: =Rivers!I558*'SGE density'!E558 -> 10.341242 | F558: =Rivers!J558*'SGE density'!F558 -> 7.1944128 | G558: =Rivers!K558*'SGE density'!G558 -> 7.7638669 | H558: =Rivers!L558*'SGE density'!H558 -> 10.788882 | I558: =Rivers!M558*'SGE density'!I558 -> 56.425554 | J558: =Rivers!N558*'SGE density'!J558 -> 140.3269 | K558: =Rivers!O558*'SGE density'!K558 -> 117.08167 | L558: =Rivers!P558*'SGE density'!L558 -> 57.414242 | ... P558: =Rivers!T558*'SGE density'!P558 -> 11.836147 | Q558: =AVERAGE(E558:P558) -> 43.438681
A559: 557 | B559: Artibonito | C559: Haiti | D559: North Atlantic Ocean | E559: =Rivers!I559*'SGE density'!E559 -> 15.87855 | F559: =Rivers!J559*'SGE density'!F559 -> 15.160007 | G559: =Rivers!K559*'SGE density'!G559 -> 13.277005 | H559: =Rivers!L559*'SGE density'!H559 -> 20.168024 | I559: =Rivers!M559*'SGE density'!I559 -> 61.11701 | J559: =Rivers!N559*'SGE density'!J559 -> 79.725952 | K559: =Rivers!O559*'SGE density'!K559 -> 48.990398 | L559: =Rivers!P559*'SGE density'!L559 -> 42.90403 | ... P559: =Rivers!T559*'SGE density'!P559 -> 20.764772 | Q559: =AVERAGE(E559:P559) -> 44.739064
A560: 558 | B560: Aude | C560: France | D560: Mediterranean Region | E560: =Rivers!I560*'SGE density'!E560 -> 54.020423 | F560: =Rivers!J560*'SGE density'!F560 -> 67.850597 | G560: =Rivers!K560*'SGE density'!G560 -> 68.486136 | H560: =Rivers!L560*'SGE density'!H560 -> 77.26064 | I560: =Rivers!M560*'SGE density'!I560 -> 76.663047 | J560: =Rivers!N560*'SGE density'!J560 -> 48.418507 | K560: =Rivers!O560*'SGE density'!K560 -> 25.644833 | L560: =Rivers!P560*'SGE density'!L560 -> 17.688416 | ... P560: =Rivers!T560*'SGE density'!P560 -> 43.858759 | Q560: =AVERAGE(E560:P560) -> 45.483577
A561: 559 | B561: Culiacán (Humay | C561: Mexico | D561: North Pacific Ocean | E561: =Rivers!I561*'SGE density'!E561 -> 20.857973 | F561: =Rivers!J561*'SGE density'!F561 -> 17.565615 | G561: =Rivers!K561*'SGE density'!G561 -> 19.562054 | H561: =Rivers!L561*'SGE density'!H561 -> 71.951539 | I561: =Rivers!M561*'SGE density'!I561 -> 84.883759 | J561: =Rivers!N561*'SGE density'!J561 -> 55.602882 | K561: =Rivers!O561*'SGE density'!K561 -> 47.675719 | L561: =Rivers!P561*'SGE density'!L561 -> 18.083346 | ... P561: =Rivers!T561*'SGE density'!P561 -> 22.114456 | Q561: =AVERAGE(E561:P561) -> 43.506946
A562: 560 | B562: Harding | C562: United States | D562: North Pacific Ocean | E562: =Rivers!I562*'SGE density'!E562 -> 12.117918 | F562: =Rivers!J562*'SGE density'!F562 -> 10.998713 | G562: =Rivers!K562*'SGE density'!G562 -> 10.282916 | H562: =Rivers!L562*'SGE density'!H562 -> 18.270027 | I562: =Rivers!M562*'SGE density'!I562 -> 46.564175 | J562: =Rivers!N562*'SGE density'!J562 -> 68.895667 | K562: =Rivers!O562*'SGE density'!K562 -> 70.165327 | L562: =Rivers!P562*'SGE density'!L562 -> 57.58118 | ... P562: =Rivers!T562*'SGE density'!P562 -> 17.209615 | Q562: =AVERAGE(E562:P562) -> 37.073788
A563: 561 | B563: Branch | C563: New Zealand | D563: South Pacific Ocean | E563: =Rivers!I563*'SGE density'!E563 -> 32.71034 | F563: =Rivers!J563*'SGE density'!F563 -> 23.918921 | G563: =Rivers!K563*'SGE density'!G563 -> 27.390175 | H563: =Rivers!L563*'SGE density'!H563 -> 37.668946 | I563: =Rivers!M563*'SGE density'!I563 -> 42.428832 | J563: =Rivers!N563*'SGE density'!J563 -> 31.784163 | K563: =Rivers!O563*'SGE density'!K563 -> 36.138033 | L563: =Rivers!P563*'SGE density'!L563 -> 44.530763 | ... P563: =Rivers!T563*'SGE density'!P563 -> 37.808089 | Q563: =AVERAGE(E563:P563) -> 40.592556
... A723: 721 | B723: PANGANI | C723: Tanzania | D723: Indian Ocean | E723: =Rivers!I723*'SGE density'!E723 -> 60.848485 | F723: =Rivers!J723*'SGE density'!F723 -> 51.416302 | G723: =Rivers!K723*'SGE density'!G723 -> 48.185761 | H723: =Rivers!L723*'SGE density'!H723 -> 72.669724 | I723: =Rivers!M723*'SGE density'!I723 -> 80.54455 | J723: =Rivers!N723*'SGE density'!J723 -> 69.826744 | K723: =Rivers!O723*'SGE density'!K723 -> 59.378566 | L723: =Rivers!P723*'SGE density'!L723 -> 51.341157 | ... P723: =Rivers!T723*'SGE density'!P723 -> 48.072221 | Q723: =AVERAGE(E723:P723) -> 57.264248
A724: 722 | B724: CUANZA | C724: Angola | D724: South Atlantic Ocean | E724: NaN | F724: NaN | G724: NaN | H724: NaN | I724: NaN | J724: NaN | K724: NaN | L724: NaN | M724: NaN | N724: NaN | O724: NaN | P724: NaN | Q724: NaN
A725: 723 | B725: Konkoure | C725: Guinea | D725: North Atlantic Ocean | E725: =Rivers!I725*'SGE density'!E725 -> 93.35425 | F725: =Rivers!J725*'SGE density'!F725 -> 45.66073 | G725: =Rivers!K725*'SGE density'!G725 -> 20.052682 | H725: =Rivers!L725*'SGE density'!H725 -> 17.113713 | I725: =Rivers!M725*'SGE density'!I725 -> 52.818671 | J725: =Rivers!N725*'SGE density'!J725 -> 237.17476 | K725: =Rivers!O725*'SGE density'!K725 -> 881.79821 | L725: =Rivers!P725*'SGE density'!L725 -> 1498.4258 | ... P725: =Rivers!T725*'SGE density'!P725 -> 214.58142 | Q725: =AVERAGE(E725:P725) -> 531.89694
A726: 724 | B726: Ankobra | C726: Ghana | D726: North Atlantic Ocean | E726: =Rivers!I726*'SGE density'!E726 -> 8.1855634 | F726: =Rivers!J726*'SGE density'!F726 -> 13.678691 | G726: =Rivers!K726*'SGE density'!G726 -> 12.772744 | H726: =Rivers!L726*'SGE density'!H726 -> 30.732457 | I726: =Rivers!M726*'SGE density'!I726 -> 66.280862 | J726: =Rivers!N726*'SGE density'!J726 -> 265.46518 | K726: =Rivers!O726*'SGE density'!K726 -> 53.925632 | L726: =Rivers!P726*'SGE density'!L726 -> 24.625702 | ... P726: =Rivers!T726*'SGE density'!P726 -> 13.989465 | Q726: =AVERAGE(E726:P726) -> 49.926262
A727: 725 | B727: Cestos | C727: Liberia | D727: North Atlantic Ocean | E727: =Rivers!I727*'SGE density'!E727 -> 17.195715 | F727: =Rivers!J727*'SGE density'!F727 -> 6.334836 | G727: =Rivers!K727*'SGE density'!G727 -> 6.5881277 | H727: =Rivers!L727*'SGE density'!H727 -> 19.490829 | I727: =Rivers!M727*'SGE density'!I727 -> 28.649022 | J727: =Rivers!N727*'SGE density'!J727 -> 74.149667 | K727: =Rivers!O727*'SGE density'!K727 -> 105.98136 | L727: =Rivers!P727*'SGE density'!L727 -> 153.84887 | ... P727: =Rivers!T727*'SGE density'!P727 -> 48.673864 | Q727: =AVERAGE(E727:P727) -> 79.936967
A728: 726 | B728: Sehnkwehn | C728: Liberia | D728: North Atlantic Ocean | E728: =Rivers!I728*'SGE density'!E728 -> 235.66506 | F728: =Rivers!J728*'SGE density'!F728 -> 231.29818 | G728: =Rivers!K728*'SGE density'!G728 -> 230.80786 | H728: =Rivers!L728*'SGE density'!H728 -> 230.2926 | I728: =Rivers!M728*'SGE density'!I728 -> 246.48929 | J728: =Rivers!N728*'SGE density'!J728 -> 258.74836 | K728: =Rivers!O728*'SGE density'!K728 -> 254.8882 | L728: =Rivers!P728*'SGE density'!L728 -> 267.70782 | ... P728: =Rivers!T728*'SGE density'!P728 -> 236.80685 | Q728: =AVERAGE(E728:P728) -> 239.19818
A729: 727 | B729: Grand R South East | C729: Mauritius | D729: Indian Ocean | E729: =Rivers!I729*'SGE density'!E729 -> 6.2761591 | F729: =Rivers!J729*'SGE density'!F729 -> 7.7806238 | G729: =Rivers!K729*'SGE density'!G729 -> 5.142744 | H729: =Rivers!L729*'SGE density'!H729 -> 6.5325951 | I729: =Rivers!M729*'SGE density'!I729 -> 3.7888458 | J729: =Rivers!N729*'SGE density'!J729 -> 3.2804422 | K729: =Rivers!O729*'SGE density'!K729 -> 3.0310136 | L729: =Rivers!P729*'SGE density'!L729 -> 2.742781 | ... P729: =Rivers!T729*'SGE density'!P729 -> 3.9028809 | Q729: =AVERAGE(E729:P729) -> 3.977237
A730: 728 | B730: Riviere la Chaux | C730: Mauritius | D730: Indian Ocean | E730: =Rivers!I730*'SGE density'!E730 -> 5.5107425 | F730: =Rivers!J730*'SGE density'!F730 -> 8.7138289 | G730: =Rivers!K730*'SGE density'!G730 -> 5.5553336 | H730: =Rivers!L730*'SGE density'!H730 -> 7.016004 | I730: =Rivers!M730*'SGE density'!I730 -> 6.6429099 | J730: =Rivers!N730*'SGE density'!J730 -> 4.7064369 | K730: =Rivers!O730*'SGE density'!K730 -> 3.5863408 | L730: =Rivers!P730*'SGE density'!L730 -> 3.3597481 | ... P730: =Rivers!T730*'SGE density'!P730 -> 3.0103482 | Q730: =AVERAGE(E730:P730) -> 4.5336451
A731: 729 | B731: Umbeluzi | C731: Mozambique | D731: Indian Ocean | E731: =Rivers!I731*'SGE density'!E731 -> 90.310181 | F731: =Rivers!J731*'SGE density'!F731 -> 259.23069 | G731: =Rivers!K731*'SGE density'!G731 -> 126.12724 | H731: =Rivers!L731*'SGE density'!H731 -> 34.9855 | I731: =Rivers!M731*'SGE density'!I731 -> 22.347695 | J731: =Rivers!N731*'SGE density'!J731 -> 16.218109 | K731: =Rivers!O731*'SGE density'!K731 -> 13.971485 | L731: =Rivers!P731*'SGE density'!L731 -> 12.426014 | ... P731: =Rivers!T731*'SGE density'!P731 -> 21.386633 | Q731: =AVERAGE(E731:P731) -> 53.438951
A732: 730 | B732: Abade | C732: Sao Tome and Principe | D732: North Atlantic Ocean | E732: =Rivers!I732*'SGE density'!E732 -> 4.0349041 | F732: =Rivers!J732*'SGE density'!F732 -> 1.8329749 | G732: =Rivers!K732*'SGE density'!G732 -> 2.8323466 | H732: =Rivers!L732*'SGE density'!H732 -> 2.8060631 | I732: =Rivers!M732*'SGE density'!I732 -> 2.9843675 | J732: =Rivers!N732*'SGE density'!J732 -> 1.6124431 | K732: =Rivers!O732*'SGE density'!K732 -> 1.1460568 | L732: =Rivers!P732*'SGE density'!L732 -> 2.5831781 | ... P732: =Rivers!T732*'SGE density'!P732 -> 2.9607901 | Q732: =AVERAGE(E732:P732) -> 2.7911218
A733: 731 | B733: Papageio | C733: Sao Tome and Principe | D733: North Atlantic Ocean | E733: =Rivers!I733*'SGE density'!E733 -> 2.7999879 | F733: =Rivers!J733*'SGE density'!F733 -> 1.3091527 | G733: =Rivers!K733*'SGE density'!G733 -> 1.7349564 | H733: =Rivers!L733*'SGE density'!H733 -> 2.3150389 | I733: =Rivers!M733*'SGE density'!I733 -> 3.8465406 | J733: =Rivers!N733*'SGE density'!J733 -> 3.5902451 | K733: =Rivers!O733*'SGE density'!K733 -> 4.3032644 | L733: =Rivers!P733*'SGE density'!L733 -> 5.9304773 | ... P733: =Rivers!T733*'SGE density'!P733 -> 6.6735612 | Q733: =AVERAGE(E733:P733) -> 4.0077509
A734: 732 | B734: Ouro | C734: Sao Tome and Principe | D734: North Atlantic Ocean | E734: =Rivers!I734*'SGE density'!E734 -> 0.90616276 | F734: =Rivers!J734*'SGE density'!F734 -> 0.72444115 | G734: =Rivers!K734*'SGE density'!G734 -> 0.79730724 | H734: =Rivers!L734*'SGE density'!H734 -> 0.97071009 | I734: =Rivers!M734*'SGE density'!I734 -> 1.1694969 | J734: =Rivers!N734*'SGE density'!J734 -> 0.701936 | K734: =Rivers!O734*'SGE density'!K734 -> 0.44115659 | L734: =Rivers!P734*'SGE density'!L734 -> 0.55418118 | ... P734: =Rivers!T734*'SGE density'!P734 -> 1.1898967 | Q734: =AVERAGE(E734:P734) -> 0.87514885
A735: 733 | B735: N'Zi | C735: Ivory Coast | D735: North Atlantic Ocean | E735: =Rivers!I735*'SGE density'!E735 -> 1.3770133 | F735: =Rivers!J735*'SGE density'!F735 -> 0.20840126 | G735: =Rivers!K735*'SGE density'!G735 -> 0.16642194 | H735: =Rivers!L735*'SGE density'!H735 -> 6.4234855 | I735: =Rivers!M735*'SGE density'!I735 -> 40.355675 | J735: =Rivers!N735*'SGE density'!J735 -> 178.70453 | K735: =Rivers!O735*'SGE density'!K735 -> 147.30838 | L735: =Rivers!P735*'SGE density'!L735 -> 132.3787 | ... P735: =Rivers!T735*'SGE density'!P735 -> 12.603364 | Q735: =AVERAGE(E735:P735) -> 72.960705
A736: 734 | B736: Shafa | C736: Iran | D736: Indian Ocean | E736: =Rivers!I736*'SGE density'!E736 -> 9.944142 | F736: =Rivers!J736*'SGE density'!F736 -> 13.874123 | G736: =Rivers!K736*'SGE density'!G736 -> 21.150733 | H736: =Rivers!L736*'SGE density'!H736 -> 22.549191 | I736: =Rivers!M736*'SGE density'!I736 -> 13.273364 | J736: =Rivers!N736*'SGE density'!J736 -> 8.7558164 | K736: =Rivers!O736*'SGE density'!K736 -> 8.5262157 | L736: =Rivers!P736*'SGE density'!L736 -> 8.2711448 | ... P736: =Rivers!T736*'SGE density'!P736 -> 13.04561 | Q736: =AVERAGE(E736:P736) -> 15.732204
... A1053: 1051 | B1053: Rio Chagres | C1053: Panama | D1053: North Atlantic Ocean | E1053: =Rivers!I1053*'SGE density'!E1053 -> 46.830514 | F1053: =Rivers!J1053*'SGE density'!F1053 -> 28.499985 | G1053: =Rivers!K1053*'SGE density'!G1053 -> 20.892036 | H1053: =Rivers!L1053*'SGE density'!H1053 -> 50.638824 | I1053: =Rivers!M1053*'SGE density'!I1053 -> 63.530862 | J1053: =Rivers!N1053*'SGE density'!J1053 -> 64.434923 | K1053: =Rivers!O1053*'SGE density'!K1053 -> 65.762339 | L1053: =Rivers!P1053*'SGE density'!L1053 -> 73.88574 | ... P1053: =Rivers!T1053*'SGE density'!P1053 -> 92.581238 | Q1053: =AVERAGE(E1053:P1053) -> 63.300162
A1054: 1052 | B1054: Rio Manzanares | C1054: Venezuela | D1054: North Atlantic Ocean | E1054: =Rivers!I1054*'SGE density'!E1054 -> 22.181577 | F1054: =Rivers!J1054*'SGE density'!F1054 -> 5.1529639 | G1054: =Rivers!K1054*'SGE density'!G1054 -> 3.8528841 | H1054: =Rivers!L1054*'SGE density'!H1054 -> 11.016418 | I1054: =Rivers!M1054*'SGE density'!I1054 -> 11.494732 | J1054: =Rivers!N1054*'SGE density'!J1054 -> 9.6395115 | K1054: NaN | L1054: =Rivers!P1054*'SGE density'!L1054 -> 35.766916 | M1054: =Rivers!Q1054*'SGE density'!M1054 -> 34.580351 | N1054: =Rivers!R1054*'SGE density'!N1054 -> 34.394573 | O1054: =Rivers!S1054*'SGE density'!O1054 -> 35.99553 | P1054: =Rivers!T1054*'SGE density'!P1054 -> 22.106697 | Q1054: =AVERAGE(E1054:P1054) -> 20.562014
A1055: 1053 | B1055: Rio Neveri | C1055: Venezuela | D1055: North Atlantic Ocean | E1055: =Rivers!I1055*'SGE density'!E1055 -> 37.790233 | F1055: =Rivers!J1055*'SGE density'!F1055 -> 28.79397 | G1055: =Rivers!K1055*'SGE density'!G1055 -> 21.640055 | H1055: =Rivers!L1055*'SGE density'!H1055 -> 63.486892 | I1055: =Rivers!M1055*'SGE density'!I1055 -> 18.766616 | J1055: =Rivers!N1055*'SGE density'!J1055 -> 16.42915 | K1055: =Rivers!O1055*'SGE density'!K1055 -> 31.495228 | L1055: =Rivers!P1055*'SGE density'!L1055 -> 99.567812 | ... P1055: =Rivers!T1055*'SGE density'!P1055 -> 68.852752 | Q1055: =AVERAGE(E1055:P1055) -> 71.513446
A1056: 1054 | B1056: Rio Nazaito | C1056: Dominican Republic | D1056: North Atlantic Ocean | E1056: =Rivers!I1056*'SGE density'!E1056 -> 4.8647965 | F1056: =Rivers!J1056*'SGE density'!F1056 -> 4.3733052 | G1056: =Rivers!K1056*'SGE density'!G1056 -> 4.3906752 | H1056: =Rivers!L1056*'SGE density'!H1056 -> 3.9388762 | I1056: =Rivers!M1056*'SGE density'!I1056 -> 4.1988807 | J1056: =Rivers!N1056*'SGE density'!J1056 -> 9.5709774 | K1056: =Rivers!O1056*'SGE density'!K1056 -> 8.8554341 | L1056: =Rivers!P1056*'SGE density'!L1056 -> 10.309817 | ... P1056: =Rivers!T1056*'SGE density'!P1056 -> 5.737603 | Q1056: =AVERAGE(E1056:P1056) -> 7.3210043
A1057: 1055 | B1057: Rio Zaza | C1057: Cuba | D1057: North Atlantic Ocean | E1057: =Rivers!I1057*'SGE density'!E1057 -> 4.2227951 | F1057: =Rivers!J1057*'SGE density'!F1057 -> 2.8616052 | G1057: =Rivers!K1057*'SGE density'!G1057 -> 4.5432411 | H1057: =Rivers!L1057*'SGE density'!H1057 -> 3.3901391 | I1057: =Rivers!M1057*'SGE density'!I1057 -> 28.192988 | J1057: =Rivers!N1057*'SGE density'!J1057 -> 49.117293 | K1057: =Rivers!O1057*'SGE density'!K1057 -> 28.836482 | L1057: =Rivers!P1057*'SGE density'!L1057 -> 13.686258 | ... P1057: =Rivers!T1057*'SGE density'!P1057 -> 7.1146491 | Q1057: =AVERAGE(E1057:P1057) -> 25.782236
A1058: 1056 | B1058: Rio Cuyaguanteje | C1058: Cuba | D1058: North Atlantic Ocean | E1058: =Rivers!I1058*'SGE density'!E1058 -> 5.6187058 | F1058: =Rivers!J1058*'SGE density'!F1058 -> 6.5693401 | G1058: =Rivers!K1058*'SGE density'!G1058 -> 9.8530264 | H1058: =Rivers!L1058*'SGE density'!H1058 -> 44.369725 | I1058: =Rivers!M1058*'SGE density'!I1058 -> 24.513001 | J1058: =Rivers!N1058*'SGE density'!J1058 -> 49.014712 | K1058: =Rivers!O1058*'SGE density'!K1058 -> 66.608268 | L1058: =Rivers!P1058*'SGE density'!L1058 -> 46.383116 | ... P1058: =Rivers!T1058*'SGE density'!P1058 -> 6.7526582 | Q1058: =AVERAGE(E1058:P1058) -> 35.924278
A1059: 1057 | B1059: Rio Sinú | C1059: Colombia | D1059: North Atlantic Ocean | E1059: =Rivers!I1059*'SGE density'!E1059 -> 380.80487 | F1059: =Rivers!J1059*'SGE density'!F1059 -> 428.63836 | G1059: =Rivers!K1059*'SGE density'!G1059 -> 645.37602 | H1059: =Rivers!L1059*'SGE density'!H1059 -> 839.87536 | I1059: =Rivers!M1059*'SGE density'!I1059 -> 1001.8282 | J1059: =Rivers!N1059*'SGE density'!J1059 -> 1098.0303 | K1059: =Rivers!O1059*'SGE density'!K1059 -> 1150.0184 | L1059: =Rivers!P1059*'SGE density'!L1059 -> 1125.1632 | ... P1059: =Rivers!T1059*'SGE density'!P1059 -> 476.02539 | Q1059: =AVERAGE(E1059:P1059) -> 809.28496
A1060: 1058 | B1060: Rio Buritaca | C1060: Colombia | D1060: North Atlantic Ocean | E1060: =Rivers!I1060*'SGE density'!E1060 -> 88.551604 | F1060: =Rivers!J1060*'SGE density'!F1060 -> 65.915503 | G1060: =Rivers!K1060*'SGE density'!G1060 -> 66.74128 | H1060: =Rivers!L1060*'SGE density'!H1060 -> 76.170052 | I1060: =Rivers!M1060*'SGE density'!I1060 -> 87.222782 | J1060: =Rivers!N1060*'SGE density'!J1060 -> 88.246998 | K1060: =Rivers!O1060*'SGE density'!K1060 -> 106.83798 | L1060: =Rivers!P1060*'SGE density'!L1060 -> 124.95843 | ... P1060: =Rivers!T1060*'SGE density'!P1060 -> 104.67701 | Q1060: =AVERAGE(E1060:P1060) -> 97.853544
A1061: 1059 | B1061: Rio Palomino | C1061: Colombia | D1061: North Atlantic Ocean | E1061: =Rivers!I1061*'SGE density'!E1061 -> 34.298052 | F1061: =Rivers!J1061*'SGE density'!F1061 -> 28.002491 | G1061: =Rivers!K1061*'SGE density'!G1061 -> 25.383815 | H1061: =Rivers!L1061*'SGE density'!H1061 -> 36.542773 | I1061: =Rivers!M1061*'SGE density'!I1061 -> 52.373734 | J1061: =Rivers!N1061*'SGE density'!J1061 -> 55.487761 | K1061: =Rivers!O1061*'SGE density'!K1061 -> 46.218514 | L1061: =Rivers!P1061*'SGE density'!L1061 -> 54.089892 | ... P1061: =Rivers!T1061*'SGE density'!P1061 -> 60.637438 | Q1061: =AVERAGE(E1061:P1061) -> 53.922402
A1062: 1060 | B1062: Rio León | C1062: Colombia | D1062: North Atlantic Ocean | E1062: =Rivers!I1062*'SGE density'!E1062 -> 70.623209 | F1062: =Rivers!J1062*'SGE density'!F1062 -> 42.525322 | G1062: =Rivers!K1062*'SGE density'!G1062 -> 37.392844 | H1062: =Rivers!L1062*'SGE density'!H1062 -> 70.887888 | I1062: =Rivers!M1062*'SGE density'!I1062 -> 167.59341 | J1062: =Rivers!N1062*'SGE density'!J1062 -> 198.33782 | K1062: =Rivers!O1062*'SGE density'!K1062 -> 185.63765 | L1062: =Rivers!P1062*'SGE density'!L1062 -> 178.71453 | ... P1062: =Rivers!T1062*'SGE density'!P1062 -> 159.80798 | Q1062: =AVERAGE(E1062:P1062) -> 149.81811
A1063: 1061 | B1063: Rio Turbo | C1063: Colombia | D1063: North Atlantic Ocean | E1063: =Rivers!I1063*'SGE density'!E1063 -> 4.2126679 | F1063: =Rivers!J1063*'SGE density'!F1063 -> 3.3499667 | G1063: =Rivers!K1063*'SGE density'!G1063 -> 3.6974639 | H1063: =Rivers!L1063*'SGE density'!H1063 -> 5.8378209 | I1063: =Rivers!M1063*'SGE density'!I1063 -> 8.4852659 | J1063: =Rivers!N1063*'SGE density'!J1063 -> 8.9920695 | K1063: =Rivers!O1063*'SGE density'!K1063 -> 6.8083119 | L1063: =Rivers!P1063*'SGE density'!L1063 -> 7.939092 | ... P1063: =Rivers!T1063*'SGE density'!P1063 -> 10.125147 | Q1063: =AVERAGE(E1063:P1063) -> 7.0975475
A1064: 1062 | B1064: Rio Mulatos | C1064: Colombia | D1064: North Atlantic Ocean | E1064: =Rivers!I1064*'SGE density'!E1064 -> 38.038964 | F1064: =Rivers!J1064*'SGE density'!F1064 -> 36.895953 | G1064: =Rivers!K1064*'SGE density'!G1064 -> 36.929987 | H1064: =Rivers!L1064*'SGE density'!H1064 -> 27.033211 | I1064: =Rivers!M1064*'SGE density'!I1064 -> 19.298773 | J1064: =Rivers!N1064*'SGE density'!J1064 -> 8.5269873 | K1064: =Rivers!O1064*'SGE density'!K1064 -> 7.1261213 | L1064: =Rivers!P1064*'SGE density'!L1064 -> 10.325008 | ... P1064: =Rivers!T1064*'SGE density'!P1064 -> 31.889931 | Q1064: =AVERAGE(E1064:P1064) -> 26.77774
A1065: 1063 | B1065: Rio Piedras | C1065: Colombia | D1065: North Atlantic Ocean | E1065: =Rivers!I1065*'SGE density'!E1065 -> 8.6142254 | F1065: =Rivers!J1065*'SGE density'!F1065 -> 5.9932348 | G1065: =Rivers!K1065*'SGE density'!G1065 -> 4.8979037 | H1065: =Rivers!L1065*'SGE density'!H1065 -> 6.059998 | I1065: =Rivers!M1065*'SGE density'!I1065 -> 6.3528606 | J1065: =Rivers!N1065*'SGE density'!J1065 -> 5.5245868 | K1065: =Rivers!O1065*'SGE density'!K1065 -> 6.0510304 | L1065: =Rivers!P1065*'SGE density'!L1065 -> 7.2472517 | ... P1065: =Rivers!T1065*'SGE density'!P1065 -> 20.64652 | Q1065: =AVERAGE(E1065:P1065) -> 9.6317547
A1066: 1064 | B1066: Rio Guachaca | C1066: Colombia | D1066: North Atlantic Ocean | E1066: =Rivers!I1066*'SGE density'!E1066 -> 24.386451 | F1066: =Rivers!J1066*'SGE density'!F1066 -> 20.727512 | G1066: =Rivers!K1066*'SGE density'!G1066 -> 18.515862 | H1066: =Rivers!L1066*'SGE density'!H1066 -> 20.466802 | I1066: =Rivers!M1066*'SGE density'!I1066 -> 25.459201 | J1066: =Rivers!N1066*'SGE density'!J1066 -> 28.36169 | K1066: =Rivers!O1066*'SGE density'!K1066 -> 32.351363 | L1066: =Rivers!P1066*'SGE density'!L1066 -> 37.056068 | ... P1066: =Rivers!T1066*'SGE density'!P1066 -> 48.786029 | Q1066: =AVERAGE(E1066:P1066) -> 33.284489
... A1080: 1078 | B1080: Rio Caroni | C1080: Trinidad and Tobago | D1080: North Atlantic Ocean | E1080: =Rivers!I1080*'SGE density'!E1080 -> 10.121334 | F1080: =Rivers!J1080*'SGE density'!F1080 -> 6.9454223 | G1080: =Rivers!K1080*'SGE density'!G1080 -> 3.4181386 | H1080: =Rivers!L1080*'SGE density'!H1080 -> 8.1244064 | I1080: =Rivers!M1080*'SGE density'!I1080 -> 11.371833 | J1080: =Rivers!N1080*'SGE density'!J1080 -> 24.436203 | K1080: =Rivers!O1080*'SGE density'!K1080 -> 36.156941 | L1080: =Rivers!P1080*'SGE density'!L1080 -> 39.056715 | ... P1080: =Rivers!T1080*'SGE density'!P1080 -> 42.824898 | Q1080: =AVERAGE(E1080:P1080) -> 24.469845

Sheet Extractable SGE potential
A1: River ID | B1: River name | C1: Country | D1: Ocean Basin | E1: Extractable SGE Potential (MW) (see the associated research paper for details on the methodology)
E2: January | F2: February | G2: March | H2: April | I2: May | J2: June | K2: July | L2: August | M2: September | N2: October | O2: November | P2: December | Q2: Average
A3: 1 | B3: Amazon | C3: Brazil | D3: North Atlantic Ocean | E3: 99815.383 | F3: 99593.234 | G3: 99538.156 | H3: 98559.109 | I3: 101014.23 | J3: 109174.48 | K3: 115449.53 | L3: 120146.66 | M3: 121303.78 | N3: 121493.89 | O3: 121368.98 | P3: 120282.73 | Q3: =AVERAGE(E3:P3) -> 110645.01
A4: 2 | B4: Congo | C4: Angola | D4: South Atlantic Ocean | E4: 32996.867 | F4: 33764.82 | G4: 35225.668 | H4: 36603.688 | I4: 39544.902 | J4: 40607.297 | K4: 40962.949 | L4: 40386.656 | M4: 38791.559 | N4: 37928.668 | O4: 38563.82 | P4: 37971.219 | Q4: =AVERAGE(E4:P4) -> 37779.009
A5: 3 | B5: Orinoco | C5: Venezuela | D5: North Atlantic Ocean | E5: 6881.4326 | F5: 0 | G5: 0 | H5: 0 | I5: 20256.771 | J5: 40958 | K5: 42385.34 | L5: 40201.355 | M5: 43472.047 | N5: 47145.656 | O5: 47209.867 | P5: 25633.611 | Q5: =AVERAGE(E5:P5) -> 26178.673
A6: 4 | B6: Changjiang | C6: China | D6: North Pacific Ocean | E6: 2311.8464 | F6: 2351.0776 | G6: 2352.6182 | H6: 2406.738 | I6: 2504.0374 | J6: 2542.5586 | K6: 2583.5806 | L6: 2760.3259 | M6: 2584.7288 | N6: 2533.9597 | O6: 2491.9631 | P6: 2415.2458 | Q6: =AVERAGE(E6:P6) -> 2486.5567
A7: 5 | B7: Brahmaputra | C7: Bangladesh | D7: Indian Ocean | E7: 139.37646 | F7: 0 | G7: 0 | H7: 0 | I7: 7577.0562 | J7: 24994.061 | K7: 24041.824 | L7: 24238.041 | M7: 24126.477 | N7: 24277.205 | O7: 23779.91 | P7: 7482.1543 | Q7: =AVERAGE(E7:P7) -> 13388.009
A8: 6 | B8: Mississippi | C8: United States | D8: North Atlantic Ocean | E8: 6538.7012 | F8: 6380.5532 | G8: 6050.8594 | H8: 6455.0313 | I8: 6750.7861 | J8: 6225.7476 | K8: 6274.9326 | L8: 6190.2036 | M8: 6887.8174 | N8: 7093.6284 | O8: 7044.7769 | P8: 6915.8105 | Q8: =AVERAGE(E8:P8) -> 6567.404
A9: 7 | B9: Yenisey | C9: Russia | D9: Arctic Ocean | E9: 1835.7026 | F9: 1631.0707 | G9: 1693.5371 | H9: 1643.5396 | I9: 1686.5273 | J9: 1556.0891 | K9: 1847.9384 | L9: 1817.5782 | M9: 1810.8607 | N9: 1795.5598 | O9: 1635.3817 | P9: 1601.7213 | Q9: =AVERAGE(E9:P9) -> 1712.9589
A10: 8 | B10: Parana | C10: Argentina | D10: South Atlantic Ocean | E10: 15768.696 | F10: 16121.1 | G10: 16117.853 | H10: 15133.57 | I10: 16023.813 | J10: 16951.848 | K10: 17292.889 | L10: 17076.723 | M10: 17108.063 | N10: 16915.365 | O10: 15529.19 | P10: 16572.5 | Q10: =AVERAGE(E10:P10) -> 16384.301
A11: 9 | B11: Lena | C11: Russia | D11: Arctic Ocean | E11: 0 | F11: 0 | G11: 0 | H11: 0 | I11: 4288.5234 | J11: 32062.598 | K11: 31529.189 | L11: 30884.609 | M11: 30550.504 | N11: 17503.867 | O11: 0 | P11: 0 | Q11: =AVERAGE(E11:P11) -> 12234.941
A12: 10 | B12: Mekong | C12: Vietnam | D12: South China and Easter Archipelagic Seas | E12: 0 | F12: 0 | G12: 0 | H12: 0 | I12: 0 | J12: 11498.063 | K12: 10627.569 | L12: 10631.779 | M12: 10759.588 | N12: 10713.424 | O12: 9832.3086 | P12: 2443.9905 | Q12: =AVERAGE(E12:P12) -> 5542.2268
A13: 11 | B13: Tocantins | C13: Brazil | D13: South Atlantic Ocean | E13: 391.77579 | F13: 389.87375 | G13: 396.31989 | H13: 385.62354 | I13: 453.24243 | J13: 465.81421 | K13: 471.47906 | L13: 473.47928 | M13: 473.24661 | N13: 471.67462 | O13: 472.34973 | P13: 471.04791 | Q13: =AVERAGE(E13:P13) -> 442.9939
A14: 12 | B14: Ob | C14: Russia | D14: Arctic Ocean | E14: 1684.0786 | F14: 532.42981 | G14: 0 | H14: 0 | I14: 3188.73 | J14: 3142.3879 | K14: 2993.2913 | L14: 2972.1511 | M14: 3017.0491 | N14: 3035.3091 | O14: 3015.6479 | P14: 3011.6497 | Q14: =AVERAGE(E14:P14) -> 2216.0604
... A1080: 1078 | B1080: Rio Caroni | C1080: Trinidad and Tobago | D1080: North Atlantic Ocean | E1080: 2.5918353 | F1080: 0 | G1080: 0 | H1080: 0.17873582 | I1080: 3.4073365 | J1080: 3.2259665 | K1080: 3.0355365 | L1080: 3.0100055 | M1080: 2.9516175 | N1080: 3.0883319 | O1080: 3.2965157 | P1080: 3.4582644 | Q1080: =AVERAGE(E1080:P1080) -> 2.3536788

Sheet Summary_Basin
A1: Ocean Basin | B1: Extractable SGE Potential by Ocean Basin (MW) (see the associated research paper for details on the methodology)
B2: January | C2: February | D2: March | E2: April | F2: May | G2: June | H2: July | I2: August | J2: September | K2: October | L2: November | M2: December | N2: Average
A3: Arctic ocean | B3: =SUMIF(Rivers!$H$3:$H$1080,Summary_Basin!$A3,'Extractable SGE potential'!E$3:E$1080) -> 12193.263 | C3: =SUMIF(Rivers!$H$3:$H$1080,Summary_Basin!$A3,'Extractable SGE potential'!F$3:F$1080) -> 12414.98 | D3: =SUMIF(Rivers!$H$3:$H$1080,Summary_Basin!$A3,'Extractable SGE potential'!G$3:G$1080) -> 11680.687 | E3: =SUMIF(Rivers!$H$3:$H$1080,Summary_Basin!$A3,'Extractable SGE potential'!H$3:H$1080) -> 15452.984 | F3: =SUMIF(Rivers!$H$3:$H$1080,Summary_Basin!$A3,'Extractable SGE potential'!I$3:I$1080) -> 37210.078 | G3: =SUMIF(Rivers!$H$3:$H$1080,Summary_Basin!$A3,'Extractable SGE potential'!J$3:J$1080) -> 75637.647 | H3: =SUMIF(Rivers!$H$3:$H$1080,Summary_Basin!$A3,'Extractable SGE potential'!K$3:K$1080) -> 74138.346 | I3: =SUMIF(Rivers!$H$3:$H$1080,Summary_Basin!$A3,'Extractable SGE potential'!L$3:L$1080) -> 71962.715 | ... M3: =SUMIF(Rivers!$H$3:$H$1080,Summary_Basin!$A3,'Extractable SGE potential'!P$3:P$1080) -> 15478.214 | N3: =AVERAGE(B3:M3) -> 39170.626
A4: Baltic sea | B4: =SUMIF(Rivers!$H$3:$H$1080,Summary_Basin!$A4,'Extractable SGE potential'!E$3:E$1080) -> 8124.3048 | C4: =SUMIF(Rivers!$H$3:$H$1080,Summary_Basin!$A4,'Extractable SGE potential'!F$3:F$1080) -> 8043.8257 | D4: =SUMIF(Rivers!$H$3:$H$1080,Summary_Basin!$A4,'Extractable SGE potential'!G$3:G$1080) -> 8295.0877 | E4: =SUMIF(Rivers!$H$3:$H$1080,Summary_Basin!$A4,'Extractable SGE potential'!H$3:H$1080) -> 8209.9738 | F4: =SUMIF(Rivers!$H$3:$H$1080,Summary_Basin!$A4,'Extractable SGE potential'!I$3:I$1080) -> 9925.6475 | G4: =SUMIF(Rivers!$H$3:$H$1080,Summary_Basin!$A4,'Extractable SGE potential'!J$3:J$1080) -> 10091.932 | H4: =SUMIF(Rivers!$H$3:$H$1080,Summary_Basin!$A4,'Extractable SGE potential'!K$3:K$1080) -> 10200.243 | I4: =SUMIF(Rivers!$H$3:$H$1080,Summary_Basin!$A4,'Extractable SGE potential'!L$3:L$1080) -> 10070.243 | ... M4: =SUMIF(Rivers!$H$3:$H$1080,Summary_Basin!$A4,'Extractable SGE potential'!P$3:P$1080) -> 8470.9702 | N4: =AVERAGE(B4:M4) -> 9065.584
A5: Indian ocean | B5: =SUMIF(Rivers!$H$3:$H$1080,Summary_Basin!$A5,'Extractable SGE potential'!E$3:E$1080) -> 13132.212 | C5: =SUMIF(Rivers!$H$3:$H$1080,Summary_Basin!$A5,'Extractable SGE potential'!F$3:F$1080) -> 12598.094 | D5: =SUMIF(Rivers!$H$3:$H$1080,Summary_Basin!$A5,'Extractable SGE potential'!G$3:G$1080) -> 12362.983 | E5: =SUMIF(Rivers!$H$3:$H$1080,Summary_Basin!$A5,'Extractable SGE potential'!H$3:H$1080) -> 13092.214 | F5: =SUMIF(Rivers!$H$3:$H$1080,Summary_Basin!$A5,'Extractable SGE potential'!I$3:I$1080) -> 15624.503 | G5: =SUMIF(Rivers!$H$3:$H$1080,Summary_Basin!$A5,'Extractable SGE potential'!J$3:J$1080) -> 37257.753 | H5: =SUMIF(Rivers!$H$3:$H$1080,Summary_Basin!$A5,'Extractable SGE potential'!K$3:K$1080) -> 57113.941 | I5: =SUMIF(Rivers!$H$3:$H$1080,Summary_Basin!$A5,'Extractable SGE potential'!L$3:L$1080) -> 56582.417 | ... M5: =SUMIF(Rivers!$H$3:$H$1080,Summary_Basin!$A5,'Extractable SGE potential'!P$3:P$1080) -> 24753.451 | N5: =AVERAGE(B5:M5) -> 32939.89
A6: Mediterranean Region | B6: =SUMIF(Rivers!$H$3:$H$1080,Summary_Basin!$A6,'Extractable SGE potential'!E$3:E$1080) -> 12879.73 | C6: =SUMIF(Rivers!$H$3:$H$1080,Summary_Basin!$A6,'Extractable SGE potential'!F$3:F$1080) -> 12878.821 | D6: =SUMIF(Rivers!$H$3:$H$1080,Summary_Basin!$A6,'Extractable SGE potential'!G$3:G$1080) -> 13301.857 | E6: =SUMIF(Rivers!$H$3:$H$1080,Summary_Basin!$A6,'Extractable SGE potential'!H$3:H$1080) -> 13601.952 | F6: =SUMIF(Rivers!$H$3:$H$1080,Summary_Basin!$A6,'Extractable SGE potential'!I$3:I$1080) -> 13948.383 | G6: =SUMIF(Rivers!$H$3:$H$1080,Summary_Basin!$A6,'Extractable SGE potential'!J$3:J$1080) -> 13369.868 | H6: =SUMIF(Rivers!$H$3:$H$1080,Summary_Basin!$A6,'Extractable SGE potential'!K$3:K$1080) -> 13339.469 | I6: =SUMIF(Rivers!$H$3:$H$1080,Summary_Basin!$A6,'Extractable SGE potential'!L$3:L$1080) -> 12984.863 | ... M6: =SUMIF(Rivers!$H$3:$H$1080,Summary_Basin!$A6,'Extractable SGE potential'!P$3:P$1080) -> 13200.153 | N6: =AVERAGE(B6:M6) -> 13206.675
A7: North Atlantic Ocean | B7: =SUMIF(Rivers!$H$3:$H$1080,Summary_Basin!$A7,'Extractable SGE potential'!E$3:E$1080) -> 147647.52 | C7: =SUMIF(Rivers!$H$3:$H$1080,Summary_Basin!$A7,'Extractable SGE potential'!F$3:F$1080) -> 140424.03 | D7: =SUMIF(Rivers!$H$3:$H$1080,Summary_Basin!$A7,'Extractable SGE potential'!G$3:G$1080) -> 139333.91 | E7: =SUMIF(Rivers!$H$3:$H$1080,Summary_Basin!$A7,'Extractable SGE potential'!H$3:H$1080) -> 139949.21 | F7: =SUMIF(Rivers!$H$3:$H$1080,Summary_Basin!$A7,'Extractable SGE potential'!I$3:I$1080) -> 164016.21 | G7: =SUMIF(Rivers!$H$3:$H$1080,Summary_Basin!$A7,'Extractable SGE potential'!J$3:J$1080) -> 192319.5 | H7: =SUMIF(Rivers!$H$3:$H$1080,Summary_Basin!$A7,'Extractable SGE potential'!K$3:K$1080) -> 201512.9 | I7: =SUMIF(Rivers!$H$3:$H$1080,Summary_Basin!$A7,'Extractable SGE potential'!L$3:L$1080) -> 204244.04 | ... M7: =SUMIF(Rivers!$H$3:$H$1080,Summary_Basin!$A7,'Extractable SGE potential'!P$3:P$1080) -> 188180.39 | N7: =AVERAGE(B7:M7) -> 179272.55
A8: North Pacific Ocean | B8: =SUMIF(Rivers!$H$3:$H$1080,Summary_Basin!$A8,'Extractable SGE potential'!E$3:E$1080) -> 12641.584 | C8: =SUMIF(Rivers!$H$3:$H$1080,Summary_Basin!$A8,'Extractable SGE potential'!F$3:F$1080) -> 12271.142 | D8: =SUMIF(Rivers!$H$3:$H$1080,Summary_Basin!$A8,'Extractable SGE potential'!G$3:G$1080) -> 12983.518 | E8: =SUMIF(Rivers!$H$3:$H$1080,Summary_Basin!$A8,'Extractable SGE potential'!H$3:H$1080) -> 16523.816 | F8: =SUMIF(Rivers!$H$3:$H$1080,Summary_Basin!$A8,'Extractable SGE potential'!I$3:I$1080) -> 53436.672 | G8: =SUMIF(Rivers!$H$3:$H$1080,Summary_Basin!$A8,'Extractable SGE potential'!J$3:J$1080) -> 55340.866 | H8: =SUMIF(Rivers!$H$3:$H$1080,Summary_Basin!$A8,'Extractable SGE potential'!K$3:K$1080) -> 54959.105 | I8: =SUMIF(Rivers!$H$3:$H$1080,Summary_Basin!$A8,'Extractable SGE potential'!L$3:L$1080) -> 53949.51 | ... M8: =SUMIF(Rivers!$H$3:$H$1080,Summary_Basin!$A8,'Extractable SGE potential'!P$3:P$1080) -> 13684.789 | N8: =AVERAGE(B8:M8) -> 34101.967
A9: South Atlantic Ocean | B9: =SUMIF(Rivers!$H$3:$H$1080,Summary_Basin!$A9,'Extractable SGE potential'!E$3:E$1080) -> 62196.516 | C9: =SUMIF(Rivers!$H$3:$H$1080,Summary_Basin!$A9,'Extractable SGE potential'!F$3:F$1080) -> 65133.287 | D9: =SUMIF(Rivers!$H$3:$H$1080,Summary_Basin!$A9,'Extractable SGE potential'!G$3:G$1080) -> 67204.922 | E9: =SUMIF(Rivers!$H$3:$H$1080,Summary_Basin!$A9,'Extractable SGE potential'!H$3:H$1080) -> 67737.68 | F9: =SUMIF(Rivers!$H$3:$H$1080,Summary_Basin!$A9,'Extractable SGE potential'!I$3:I$1080) -> 71606.491 | G9: =SUMIF(Rivers!$H$3:$H$1080,Summary_Basin!$A9,'Extractable SGE potential'!J$3:J$1080) -> 71961.301 | H9: =SUMIF(Rivers!$H$3:$H$1080,Summary_Basin!$A9,'Extractable SGE potential'!K$3:K$1080) -> 71484.496 | I9: =SUMIF(Rivers!$H$3:$H$1080,Summary_Basin!$A9,'Extractable SGE potential'!L$3:L$1080) -> 70559.274 | ... M9: =SUMIF(Rivers!$H$3:$H$1080,Summary_Basin!$A9,'Extractable SGE potential'!P$3:P$1080) -> 67627.512 | N9: =AVERAGE(B9:M9) -> 68284.47
A10: South China and Easter Archipelagic Seas | B10: =SUMIF(Rivers!$H$3:$H$1080,Summary_Basin!$A10,'Extractable SGE potential'!E$3:E$1080) -> 4528.3362 | C10: =SUMIF(Rivers!$H$3:$H$1080,Summary_Basin!$A10,'Extractable SGE potential'!F$3:F$1080) -> 4472.1318 | D10: =SUMIF(Rivers!$H$3:$H$1080,Summary_Basin!$A10,'Extractable SGE potential'!G$3:G$1080) -> 4693.079 | E10: =SUMIF(Rivers!$H$3:$H$1080,Summary_Basin!$A10,'Extractable SGE potential'!H$3:H$1080) -> 7266.3036 | F10: =SUMIF(Rivers!$H$3:$H$1080,Summary_Basin!$A10,'Extractable SGE potential'!I$3:I$1080) -> 7256.1443 | G10: =SUMIF(Rivers!$H$3:$H$1080,Summary_Basin!$A10,'Extractable SGE potential'!J$3:J$1080) -> 19087.936 | H10: =SUMIF(Rivers!$H$3:$H$1080,Summary_Basin!$A10,'Extractable SGE potential'!K$3:K$1080) -> 18616.854 | I10: =SUMIF(Rivers!$H$3:$H$1080,Summary_Basin!$A10,'Extractable SGE potential'!L$3:L$1080) -> 18579.638 | ... M10: =SUMIF(Rivers!$H$3:$H$1080,Summary_Basin!$A10,'Extractable SGE potential'!P$3:P$1080) -> 7623.4342 | N10: =AVERAGE(B10:M10) -> 12235.718
A11: South Pacific Ocean | B11: =SUMIF(Rivers!$H$3:$H$1080,Summary_Basin!$A11,'Extractable SGE potential'!E$3:E$1080) -> 10643.86 | C11: =SUMIF(Rivers!$H$3:$H$1080,Summary_Basin!$A11,'Extractable SGE potential'!F$3:F$1080) -> 10151.385 | D11: =SUMIF(Rivers!$H$3:$H$1080,Summary_Basin!$A11,'Extractable SGE potential'!G$3:G$1080) -> 10011.454 | E11: =SUMIF(Rivers!$H$3:$H$1080,Summary_Basin!$A11,'Extractable SGE potential'!H$3:H$1080) -> 9950.039 | F11: =SUMIF(Rivers!$H$3:$H$1080,Summary_Basin!$A11,'Extractable SGE potential'!I$3:I$1080) -> 10908.158 | G11: =SUMIF(Rivers!$H$3:$H$1080,Summary_Basin!$A11,'Extractable SGE potential'!J$3:J$1080) -> 10593.963 | H11: =SUMIF(Rivers!$H$3:$H$1080,Summary_Basin!$A11,'Extractable SGE potential'!K$3:K$1080) -> 10869.404 | I11: =SUMIF(Rivers!$H$3:$H$1080,Summary_Basin!$A11,'Extractable SGE potential'!L$3:L$1080) -> 10474.146 | ... M11: =SUMIF(Rivers!$H$3:$H$1080,Summary_Basin!$A11,'Extractable SGE potential'!P$3:P$1080) -> 10838.545 | N11: =AVERAGE(B11:M11) -> 10508.869

Sheet Summary_Country
A1: Country | B1: Extractable SGE Potential by Country (MW) (see the associated research paper for details on the methodology)
B2: January | C2: February | D2: March | E2: April | F2: May | G2: June | H2: July | I2: August | J2: September | K2: October | L2: November | M2: December | N2: Average
A3: Albania | B3: =SUMIF(Rivers!$E$3:$E$1080,$A3,'Extractable SGE potential'!E$3:E$1080) -> 531.57178 | C3: =SUMIF(Rivers!$E$3:$E$1080,$A3,'Extractable SGE potential'!F$3:F$1080) -> 541.275 | D3: =SUMIF(Rivers!$E$3:$E$1080,$A3,'Extractable SGE potential'!G$3:G$1080) -> 534.58731 | E3: =SUMIF(Rivers!$E$3:$E$1080,$A3,'Extractable SGE potential'!H$3:H$1080) -> 527.65552 | F3: =SUMIF(Rivers!$E$3:$E$1080,$A3,'Extractable SGE potential'!I$3:I$1080) -> 527.55827 | G3: =SUMIF(Rivers!$E$3:$E$1080,$A3,'Extractable SGE potential'!J$3:J$1080) -> 318.04481 | H3: =SUMIF(Rivers!$E$3:$E$1080,$A3,'Extractable SGE potential'!K$3:K$1080) -> 92.642121 | I3: =SUMIF(Rivers!$E$3:$E$1080,$A3,'Extractable SGE potential'!L$3:L$1080) -> 6.1489015 | ... M3: =SUMIF(Rivers!$E$3:$E$1080,$A3,'Extractable SGE potential'!P$3:P$1080) -> 535.10885 | N3: =AVERAGE(B3:M3) -> 363.91166
A4: Algeria | B4: =SUMIF(Rivers!$E$3:$E$1080,$A4,'Extractable SGE potential'!E$3:E$1080) -> 95.334259 | C4: =SUMIF(Rivers!$E$3:$E$1080,$A4,'Extractable SGE potential'!F$3:F$1080) -> 92.677414 | D4: =SUMIF(Rivers!$E$3:$E$1080,$A4,'Extractable SGE potential'!G$3:G$1080) -> 93.683698 | E4: =SUMIF(Rivers!$E$3:$E$1080,$A4,'Extractable SGE potential'!H$3:H$1080) -> 90.975734 | F4: =SUMIF(Rivers!$E$3:$E$1080,$A4,'Extractable SGE potential'!I$3:I$1080) -> 56.581939 | G4: =SUMIF(Rivers!$E$3:$E$1080,$A4,'Extractable SGE potential'!J$3:J$1080) -> 1.7219085 | H4: =SUMIF(Rivers!$E$3:$E$1080,$A4,'Extractable SGE potential'!K$3:K$1080) -> 0.05767139 | I4: =SUMIF(Rivers!$E$3:$E$1080,$A4,'Extractable SGE potential'!L$3:L$1080) -> 0 | ... M4: =SUMIF(Rivers!$E$3:$E$1080,$A4,'Extractable SGE potential'!P$3:P$1080) -> 94.609333 | N4: =AVERAGE(B4:M4) -> 54.1873
A5: Angola | B5: =SUMIF(Rivers!$E$3:$E$1080,$A5,'Extractable SGE potential'!E$3:E$1080) -> 33030.332 | C5: =SUMIF(Rivers!$E$3:$E$1080,$A5,'Extractable SGE potential'!F$3:F$1080) -> 33798.471 | D5: =SUMIF(Rivers!$E$3:$E$1080,$A5,'Extractable SGE potential'!G$3:G$1080) -> 35259.346 | E5: =SUMIF(Rivers!$E$3:$E$1080,$A5,'Extractable SGE potential'!H$3:H$1080) -> 36638.844 | F5: =SUMIF(Rivers!$E$3:$E$1080,$A5,'Extractable SGE potential'!I$3:I$1080) -> 39582.101 | G5: =SUMIF(Rivers!$E$3:$E$1080,$A5,'Extractable SGE potential'!J$3:J$1080) -> 40645.032 | H5: =SUMIF(Rivers!$E$3:$E$1080,$A5,'Extractable SGE potential'!K$3:K$1080) -> 41000.455 | I5: =SUMIF(Rivers!$E$3:$E$1080,$A5,'Extractable SGE potential'!L$3:L$1080) -> 40424.129 | ... M5: =SUMIF(Rivers!$E$3:$E$1080,$A5,'Extractable SGE potential'!P$3:P$1080) -> 38006.709 | N5: =AVERAGE(B5:M5) -> 37814.72
A6: Argentina | B6: =SUMIF(Rivers!$E$3:$E$1080,$A6,'Extractable SGE potential'!E$3:E$1080) -> 20050.912 | C6: =SUMIF(Rivers!$E$3:$E$1080,$A6,'Extractable SGE potential'!F$3:F$1080) -> 20487.459 | D6: =SUMIF(Rivers!$E$3:$E$1080,$A6,'Extractable SGE potential'!G$3:G$1080) -> 20267.841 | E6: =SUMIF(Rivers!$E$3:$E$1080,$A6,'Extractable SGE potential'!H$3:H$1080) -> 19408.506 | F6: =SUMIF(Rivers!$E$3:$E$1080,$A6,'Extractable SGE potential'!I$3:I$1080) -> 20151.544 | G6: =SUMIF(Rivers!$E$3:$E$1080,$A6,'Extractable SGE potential'!J$3:J$1080) -> 20955.123 | H6: =SUMIF(Rivers!$E$3:$E$1080,$A6,'Extractable SGE potential'!K$3:K$1080) -> 21371.459 | I6: =SUMIF(Rivers!$E$3:$E$1080,$A6,'Extractable SGE potential'!L$3:L$1080) -> 21448.794 | ... M6: =SUMIF(Rivers!$E$3:$E$1080,$A6,'Extractable SGE potential'!P$3:P$1080) -> 21022.673 | N6: =AVERAGE(B6:M6) -> 20660.611
A7: Australia | B7: =SUMIF(Rivers!$E$3:$E$1080,$A7,'Extractable SGE potential'!E$3:E$1080) -> 3296.9265 | C7: =SUMIF(Rivers!$E$3:$E$1080,$A7,'Extractable SGE potential'!F$3:F$1080) -> 3336.4274 | D7: =SUMIF(Rivers!$E$3:$E$1080,$A7,'Extractable SGE potential'!G$3:G$1080) -> 3278.0654 | E7: =SUMIF(Rivers!$E$3:$E$1080,$A7,'Extractable SGE potential'!H$3:H$1080) -> 2324.6082 | F7: =SUMIF(Rivers!$E$3:$E$1080,$A7,'Extractable SGE potential'!I$3:I$1080) -> 633.49296 | G7: =SUMIF(Rivers!$E$3:$E$1080,$A7,'Extractable SGE potential'!J$3:J$1080) -> 522.72199 | H7: =SUMIF(Rivers!$E$3:$E$1080,$A7,'Extractable SGE potential'!K$3:K$1080) -> 853.87563 | I7: =SUMIF(Rivers!$E$3:$E$1080,$A7,'Extractable SGE potential'!L$3:L$1080) -> 531.99728 | ... M7: =SUMIF(Rivers!$E$3:$E$1080,$A7,'Extractable SGE potential'!P$3:P$1080) -> 1091.7323 | N7: =AVERAGE(B7:M7) -> 1450.0279
A8: Bangladesh | B8: =SUMIF(Rivers!$E$3:$E$1080,$A8,'Extractable SGE potential'!E$3:E$1080) -> 139.37646 | C8: =SUMIF(Rivers!$E$3:$E$1080,$A8,'Extractable SGE potential'!F$3:F$1080) -> 0 | D8: =SUMIF(Rivers!$E$3:$E$1080,$A8,'Extractable SGE potential'!G$3:G$1080) -> 0 | E8: =SUMIF(Rivers!$E$3:$E$1080,$A8,'Extractable SGE potential'!H$3:H$1080) -> 0 | F8: =SUMIF(Rivers!$E$3:$E$1080,$A8,'Extractable SGE potential'!I$3:I$1080) -> 7577.0562 | G8: =SUMIF(Rivers!$E$3:$E$1080,$A8,'Extractable SGE potential'!J$3:J$1080) -> 25467.107 | H8: =SUMIF(Rivers!$E$3:$E$1080,$A8,'Extractable SGE potential'!K$3:K$1080) -> 29740.143 | I8: =SUMIF(Rivers!$E$3:$E$1080,$A8,'Extractable SGE potential'!L$3:L$1080) -> 29744.85 | ... M8: =SUMIF(Rivers!$E$3:$E$1080,$A8,'Extractable SGE potential'!P$3:P$1080) -> 8073.4525 | N8: =AVERAGE(B8:M8) -> 15828.42
A9: Belgium | B9: =SUMIF(Rivers!$E$3:$E$1080,$A9,'Extractable SGE potential'!E$3:E$1080) -> 9.4910812 | C9: =SUMIF(Rivers!$E$3:$E$1080,$A9,'Extractable SGE potential'!F$3:F$1080) -> 8.6665688 | D9: =SUMIF(Rivers!$E$3:$E$1080,$A9,'Extractable SGE potential'!G$3:G$1080) -> 8.6174812 | E9: =SUMIF(Rivers!$E$3:$E$1080,$A9,'Extractable SGE potential'!H$3:H$1080) -> 8.9767456 | F9: =SUMIF(Rivers!$E$3:$E$1080,$A9,'Extractable SGE potential'!I$3:I$1080) -> 8.513896 | G9: =SUMIF(Rivers!$E$3:$E$1080,$A9,'Extractable SGE potential'!J$3:J$1080) -> 9.3394175 | H9: =SUMIF(Rivers!$E$3:$E$1080,$A9,'Extractable SGE potential'!K$3:K$1080) -> 9.399806 | I9: =SUMIF(Rivers!$E$3:$E$1080,$A9,'Extractable SGE potential'!L$3:L$1080) -> 9.5354185 | ... M9: =SUMIF(Rivers!$E$3:$E$1080,$A9,'Extractable SGE potential'!P$3:P$1080) -> 9.1316767 | N9: =AVERAGE(B9:M9) -> 9.1075403
A10: Benin | B10: =SUMIF(Rivers!$E$3:$E$1080,$A10,'Extractable SGE potential'!E$3:E$1080) -> 0 | C10: =SUMIF(Rivers!$E$3:$E$1080,$A10,'Extractable SGE potential'!F$3:F$1080) -> 0 | D10: =SUMIF(Rivers!$E$3:$E$1080,$A10,'Extractable SGE potential'!G$3:G$1080) -> 0 | E10: =SUMIF(Rivers!$E$3:$E$1080,$A10,'Extractable SGE potential'!H$3:H$1080) -> 0 | F10: =SUMIF(Rivers!$E$3:$E$1080,$A10,'Extractable SGE potential'!I$3:I$1080) -> 0 | G10: =SUMIF(Rivers!$E$3:$E$1080,$A10,'Extractable SGE potential'!J$3:J$1080) -> 0 | H10: =SUMIF(Rivers!$E$3:$E$1080,$A10,'Extractable SGE potential'!K$3:K$1080) -> 243.54709 | I10: =SUMIF(Rivers!$E$3:$E$1080,$A10,'Extractable SGE potential'!L$3:L$1080) -> 370.89856 | ... M10: =SUMIF(Rivers!$E$3:$E$1080,$A10,'Extractable SGE potential'!P$3:P$1080) -> 0 | N10: =AVERAGE(B10:M10) -> 129.77385
A11: Brazil | B11: =SUMIF(Rivers!$E$3:$E$1080,$A11,'Extractable SGE potential'!E$3:E$1080) -> 108013.2 | C11: =SUMIF(Rivers!$E$3:$E$1080,$A11,'Extractable SGE potential'!F$3:F$1080) -> 109489.84 | D11: =SUMIF(Rivers!$E$3:$E$1080,$A11,'Extractable SGE potential'!G$3:G$1080) -> 110253.83 | E11: =SUMIF(Rivers!$E$3:$E$1080,$A11,'Extractable SGE potential'!H$3:H$1080) -> 109272.89 | F11: =SUMIF(Rivers!$E$3:$E$1080,$A11,'Extractable SGE potential'!I$3:I$1080) -> 111841.83 | G11: =SUMIF(Rivers!$E$3:$E$1080,$A11,'Extractable SGE potential'!J$3:J$1080) -> 118475.98 | H11: =SUMIF(Rivers!$E$3:$E$1080,$A11,'Extractable SGE potential'!K$3:K$1080) -> 123519.61 | I11: =SUMIF(Rivers!$E$3:$E$1080,$A11,'Extractable SGE potential'!L$3:L$1080) -> 127872.49 | ... M11: =SUMIF(Rivers!$E$3:$E$1080,$A11,'Extractable SGE potential'!P$3:P$1080) -> 127815.98 | N11: =AVERAGE(B11:M11) -> 119423.14
A12: Bulgaria | B12: =SUMIF(Rivers!$E$3:$E$1080,$A12,'Extractable SGE potential'!E$3:E$1080) -> 10.202541 | C12: =SUMIF(Rivers!$E$3:$E$1080,$A12,'Extractable SGE potential'!F$3:F$1080) -> 10.013318 | D12: =SUMIF(Rivers!$E$3:$E$1080,$A12,'Extractable SGE potential'!G$3:G$1080) -> 10.331434 | E12: =SUMIF(Rivers!$E$3:$E$1080,$A12,'Extractable SGE potential'!H$3:H$1080) -> 10.479016 | F12: =SUMIF(Rivers!$E$3:$E$1080,$A12,'Extractable SGE potential'!I$3:I$1080) -> 11.082131 | G12: =SUMIF(Rivers!$E$3:$E$1080,$A12,'Extractable SGE potential'!J$3:J$1080) -> 11.545109 | H12: =SUMIF(Rivers!$E$3:$E$1080,$A12,'Extractable SGE potential'!K$3:K$1080) -> 10.532341 | I12: =SUMIF(Rivers!$E$3:$E$1080,$A12,'Extractable SGE potential'!L$3:L$1080) -> 2.1361971 | ... M12: =SUMIF(Rivers!$E$3:$E$1080,$A12,'Extractable SGE potential'!P$3:P$1080) -> 10.66674 | N12: =AVERAGE(B12:M12) -> 8.1969983
A13: Cameroon | B13: =SUMIF(Rivers!$E$3:$E$1080,$A13,'Extractable SGE potential'!E$3:E$1080) -> 25.510627 | C13: =SUMIF(Rivers!$E$3:$E$1080,$A13,'Extractable SGE potential'!F$3:F$1080) -> 26.27971 | D13: =SUMIF(Rivers!$E$3:$E$1080,$A13,'Extractable SGE potential'!G$3:G$1080) -> 26.409551 | E13: =SUMIF(Rivers!$E$3:$E$1080,$A13,'Extractable SGE potential'!H$3:H$1080) -> 48.27549 | F13: =SUMIF(Rivers!$E$3:$E$1080,$A13,'Extractable SGE potential'!I$3:I$1080) -> 321.25301 | G13: =SUMIF(Rivers!$E$3:$E$1080,$A13,'Extractable SGE potential'!J$3:J$1080) -> 966.38401 | H13: =SUMIF(Rivers!$E$3:$E$1080,$A13,'Extractable SGE potential'!K$3:K$1080) -> 945.9597 | I13: =SUMIF(Rivers!$E$3:$E$1080,$A13,'Extractable SGE potential'!L$3:L$1080) -> 958.57434 | ... M13: =SUMIF(Rivers!$E$3:$E$1080,$A13,'Extractable SGE potential'!P$3:P$1080) -> 134.23123 | N13: =AVERAGE(B13:M13) -> 489.10635
A14: Canada | B14: =SUMIF(Rivers!$E$3:$E$1080,$A14,'Extractable SGE potential'!E$3:E$1080) -> 16810.592 | C14: =SUMIF(Rivers!$E$3:$E$1080,$A14,'Extractable SGE potential'!F$3:F$1080) -> 16049.329 | D14: =SUMIF(Rivers!$E$3:$E$1080,$A14,'Extractable SGE potential'!G$3:G$1080) -> 14921.26 | E14: =SUMIF(Rivers!$E$3:$E$1080,$A14,'Extractable SGE potential'!H$3:H$1080) -> 17252.645 | F14: =SUMIF(Rivers!$E$3:$E$1080,$A14,'Extractable SGE potential'!I$3:I$1080) -> 27714.228 | G14: =SUMIF(Rivers!$E$3:$E$1080,$A14,'Extractable SGE potential'!J$3:J$1080) -> 28591.002 | H14: =SUMIF(Rivers!$E$3:$E$1080,$A14,'Extractable SGE potential'!K$3:K$1080) -> 28173.243 | I14: =SUMIF(Rivers!$E$3:$E$1080,$A14,'Extractable SGE potential'!L$3:L$1080) -> 27764.016 | ... M14: =SUMIF(Rivers!$E$3:$E$1080,$A14,'Extractable SGE potential'!P$3:P$1080) -> 19097.837 | N14: =AVERAGE(B14:M14) -> 22936.2
... A106: Vietnam | B106: =SUMIF(Rivers!$E$3:$E$1080,$A106,'Extractable SGE potential'!E$3:E$1080) -> 0 | C106: =SUMIF(Rivers!$E$3:$E$1080,$A106,'Extractable SGE potential'!F$3:F$1080) -> 0 | D106: =SUMIF(Rivers!$E$3:$E$1080,$A106,'Extractable SGE potential'!G$3:G$1080) -> 0 | E106: =SUMIF(Rivers!$E$3:$E$1080,$A106,'Extractable SGE potential'!H$3:H$1080) -> 0 | F106: =SUMIF(Rivers!$E$3:$E$1080,$A106,'Extractable SGE potential'!I$3:I$1080) -> 0 | G106: =SUMIF(Rivers!$E$3:$E$1080,$A106,'Extractable SGE potential'!J$3:J$1080) -> 11498.063 | H106: =SUMIF(Rivers!$E$3:$E$1080,$A106,'Extractable SGE potential'!K$3:K$1080) -> 10627.569 | I106: =SUMIF(Rivers!$E$3:$E$1080,$A106,'Extractable SGE potential'!L$3:L$1080) -> 10631.779 | ... M106: =SUMIF(Rivers!$E$3:$E$1080,$A106,'Extractable SGE potential'!P$3:P$1080) -> 2443.9905 | N106: =AVERAGE(B106:M106) -> 5542.2268

Sheet Summary_Region
A1: Region | B1: Extractable SGE Potential by Region (MW) (see the associated research paper for details on the methodology)
B2: January | C2: February | D2: March | E2: April | F2: May | G2: June | H2: July | I2: August | J2: September | K2: October | L2: November | M2: December | N2: Average
A3: South America | B3: =SUMIF(Rivers!F$3:F$1080,Summary_Region!A3,'Extractable SGE potential'!E$3:E$1080) -> 147659.8 | C3: =SUMIF(Rivers!$F$3:$F$1080,Summary_Region!$A3,'Extractable SGE potential'!F$3:F$1080) -> 142325.84 | D3: =SUMIF(Rivers!$F$3:$F$1080,Summary_Region!$A3,'Extractable SGE potential'!G$3:G$1080) -> 142816.34 | E3: =SUMIF(Rivers!$F$3:$F$1080,Summary_Region!$A3,'Extractable SGE potential'!H$3:H$1080) -> 141211.17 | F3: =SUMIF(Rivers!$F$3:$F$1080,Summary_Region!$A3,'Extractable SGE potential'!I$3:I$1080) -> 165733.82 | G3: =SUMIF(Rivers!$F$3:$F$1080,Summary_Region!$A3,'Extractable SGE potential'!J$3:J$1080) -> 193690.05 | H3: =SUMIF(Rivers!$F$3:$F$1080,Summary_Region!$A3,'Extractable SGE potential'!K$3:K$1080) -> 200814.85 | I3: =SUMIF(Rivers!$F$3:$F$1080,Summary_Region!$A3,'Extractable SGE potential'!L$3:L$1080) -> 203035.02 | J3: =SUMIF(Rivers!$F$3:$F$1080,Summary_Region!$A3,'Extractable SGE potential'!M$3:M$1080) -> 206208.06 | ... M3: =SUMIF(Rivers!$F$3:$F$1080,Summary_Region!$A3,'Extractable SGE potential'!P$3:P$1080) -> 187020.7 | N3: =AVERAGE(B3:M3) -> 178921.12
A4: Middle Africa | B4: =SUMIF(Rivers!F$3:F$1080,Summary_Region!A4,'Extractable SGE potential'!E$3:E$1080) -> 34181.922 | C4: =SUMIF(Rivers!$F$3:$F$1080,Summary_Region!$A4,'Extractable SGE potential'!F$3:F$1080) -> 34980.717 | D4: =SUMIF(Rivers!$F$3:$F$1080,Summary_Region!$A4,'Extractable SGE potential'!G$3:G$1080) -> 36458.496 | E4: =SUMIF(Rivers!$F$3:$F$1080,Summary_Region!$A4,'Extractable SGE potential'!H$3:H$1080) -> 37874.377 | F4: =SUMIF(Rivers!$F$3:$F$1080,Summary_Region!$A4,'Extractable SGE potential'!I$3:I$1080) -> 41153.733 | G4: =SUMIF(Rivers!$F$3:$F$1080,Summary_Region!$A4,'Extractable SGE potential'!J$3:J$1080) -> 42874.452 | H4: =SUMIF(Rivers!$F$3:$F$1080,Summary_Region!$A4,'Extractable SGE potential'!K$3:K$1080) -> 43207.571 | I4: =SUMIF(Rivers!$F$3:$F$1080,Summary_Region!$A4,'Extractable SGE potential'!L$3:L$1080) -> 42568.835 | J4: =SUMIF(Rivers!$F$3:$F$1080,Summary_Region!$A4,'Extractable SGE potential'!M$3:M$1080) -> 40954.014 | ... M4: =SUMIF(Rivers!$F$3:$F$1080,Summary_Region!$A4,'Extractable SGE potential'!P$3:P$1080) -> 39317.711 | N4: =AVERAGE(B4:M4) -> 39506.474
A5: Eastern Asia | B5: =SUMIF(Rivers!F$3:F$1080,Summary_Region!A5,'Extractable SGE potential'!E$3:E$1080) -> 4044.4389 | C5: =SUMIF(Rivers!$F$3:$F$1080,Summary_Region!$A5,'Extractable SGE potential'!F$3:F$1080) -> 4526.4677 | D5: =SUMIF(Rivers!$F$3:$F$1080,Summary_Region!$A5,'Extractable SGE potential'!G$3:G$1080) -> 5375.1197 | E5: =SUMIF(Rivers!$F$3:$F$1080,Summary_Region!$A5,'Extractable SGE potential'!H$3:H$1080) -> 8429.2687 | F5: =SUMIF(Rivers!$F$3:$F$1080,Summary_Region!$A5,'Extractable SGE potential'!I$3:I$1080) -> 8598.246 | G5: =SUMIF(Rivers!$F$3:$F$1080,Summary_Region!$A5,'Extractable SGE potential'!J$3:J$1080) -> 8975.461 | H5: =SUMIF(Rivers!$F$3:$F$1080,Summary_Region!$A5,'Extractable SGE potential'!K$3:K$1080) -> 9208.1228 | I5: =SUMIF(Rivers!$F$3:$F$1080,Summary_Region!$A5,'Extractable SGE potential'!L$3:L$1080) -> 9205.6893 | J5: =SUMIF(Rivers!$F$3:$F$1080,Summary_Region!$A5,'Extractable SGE potential'!M$3:M$1080) -> 9087.3863 | ... M5: =SUMIF(Rivers!$F$3:$F$1080,Summary_Region!$A5,'Extractable SGE potential'!P$3:P$1080) -> 4604.9173 | N5: =AVERAGE(B5:M5) -> 7333.6321
A6: Southern Asia | B6: =SUMIF(Rivers!F$3:F$1080,Summary_Region!A6,'Extractable SGE potential'!E$3:E$1080) -> 1211.2044 | C6: =SUMIF(Rivers!$F$3:$F$1080,Summary_Region!$A6,'Extractable SGE potential'!F$3:F$1080) -> 946.20104 | D6: =SUMIF(Rivers!$F$3:$F$1080,Summary_Region!$A6,'Extractable SGE potential'!G$3:G$1080) -> 703.75721 | E6: =SUMIF(Rivers!$F$3:$F$1080,Summary_Region!$A6,'Extractable SGE potential'!H$3:H$1080) -> 679.4662 | F6: =SUMIF(Rivers!$F$3:$F$1080,Summary_Region!$A6,'Extractable SGE potential'!I$3:I$1080) -> 8861.4181 | G6: =SUMIF(Rivers!$F$3:$F$1080,Summary_Region!$A6,'Extractable SGE potential'!J$3:J$1080) -> 31577.267 | H6: =SUMIF(Rivers!$F$3:$F$1080,Summary_Region!$A6,'Extractable SGE potential'!K$3:K$1080) -> 51874.051 | I6: =SUMIF(Rivers!$F$3:$F$1080,Summary_Region!$A6,'Extractable SGE potential'!L$3:L$1080) -> 51544.169 | J6: =SUMIF(Rivers!$F$3:$F$1080,Summary_Region!$A6,'Extractable SGE potential'!M$3:M$1080) -> 51089.454 | ... M6: =SUMIF(Rivers!$F$3:$F$1080,Summary_Region!$A6,'Extractable SGE potential'!P$3:P$1080) -> 14604.671 | N6: =AVERAGE(B6:M6) -> 24948.048
A7: Northern America | B7: =SUMIF(Rivers!F$3:F$1080,Summary_Region!A7,'Extractable SGE potential'!E$3:E$1080) -> 33801.678 | C7: =SUMIF(Rivers!$F$3:$F$1080,Summary_Region!$A7,'Extractable SGE potential'!F$3:F$1080) -> 32431.726 | D7: =SUMIF(Rivers!$F$3:$F$1080,Summary_Region!$A7,'Extractable SGE potential'!G$3:G$1080) -> 31137.674 | E7: =SUMIF(Rivers!$F$3:$F$1080,Summary_Region!$A7,'Extractable SGE potential'!H$3:H$1080) -> 34141.456 | F7: =SUMIF(Rivers!$F$3:$F$1080,Summary_Region!$A7,'Extractable SGE potential'!I$3:I$1080) -> 63130.276 | G7: =SUMIF(Rivers!$F$3:$F$1080,Summary_Region!$A7,'Extractable SGE potential'!J$3:J$1080) -> 64796.467 | H7: =SUMIF(Rivers!$F$3:$F$1080,Summary_Region!$A7,'Extractable SGE potential'!K$3:K$1080) -> 63393.763 | I7: =SUMIF(Rivers!$F$3:$F$1080,Summary_Region!$A7,'Extractable SGE potential'!L$3:L$1080) -> 62180.869 | J7: =SUMIF(Rivers!$F$3:$F$1080,Summary_Region!$A7,'Extractable SGE potential'!M$3:M$1080) -> 62637.018 | ... M7: =SUMIF(Rivers!$F$3:$F$1080,Summary_Region!$A7,'Extractable SGE potential'!P$3:P$1080) -> 37070.947 | N7: =AVERAGE(B7:M7) -> 48788.405
A8: Asiatic Russia | B8: =SUMIF(Rivers!F$3:F$1080,Summary_Region!A8,'Extractable SGE potential'!E$3:E$1080) -> 5464.3333 | C8: =SUMIF(Rivers!$F$3:$F$1080,Summary_Region!$A8,'Extractable SGE potential'!F$3:F$1080) -> 3975.961 | D8: =SUMIF(Rivers!$F$3:$F$1080,Summary_Region!$A8,'Extractable SGE potential'!G$3:G$1080) -> 3664.7989 | E8: =SUMIF(Rivers!$F$3:$F$1080,Summary_Region!$A8,'Extractable SGE potential'!H$3:H$1080) -> 5366.0177 | F8: =SUMIF(Rivers!$F$3:$F$1080,Summary_Region!$A8,'Extractable SGE potential'!I$3:I$1080) -> 32402.389 | G8: =SUMIF(Rivers!$F$3:$F$1080,Summary_Region!$A8,'Extractable SGE potential'!J$3:J$1080) -> 68136.242 | H8: =SUMIF(Rivers!$F$3:$F$1080,Summary_Region!$A8,'Extractable SGE potential'!K$3:K$1080) -> 66588.659 | I8: =SUMIF(Rivers!$F$3:$F$1080,Summary_Region!$A8,'Extractable SGE potential'!L$3:L$1080) -> 64998.253 | J8: =SUMIF(Rivers!$F$3:$F$1080,Summary_Region!$A8,'Extractable SGE potential'!M$3:M$1080) -> 64510.197 | ... M8: =SUMIF(Rivers!$F$3:$F$1080,Summary_Region!$A8,'Extractable SGE potential'!P$3:P$1080) -> 5209.4972 | N8: =AVERAGE(B8:M8) -> 31108.924
A9: Southeastern Asia | B9: =SUMIF(Rivers!F$3:F$1080,Summary_Region!A9,'Extractable SGE potential'!E$3:E$1080) -> 4624.2405 | C9: =SUMIF(Rivers!$F$3:$F$1080,Summary_Region!$A9,'Extractable SGE potential'!F$3:F$1080) -> 4393.6026 | D9: =SUMIF(Rivers!$F$3:$F$1080,Summary_Region!$A9,'Extractable SGE potential'!G$3:G$1080) -> 4339.9087 | E9: =SUMIF(Rivers!$F$3:$F$1080,Summary_Region!$A9,'Extractable SGE potential'!H$3:H$1080) -> 6353.72 | F9: =SUMIF(Rivers!$F$3:$F$1080,Summary_Region!$A9,'Extractable SGE potential'!I$3:I$1080) -> 6400.9028 | G9: =SUMIF(Rivers!$F$3:$F$1080,Summary_Region!$A9,'Extractable SGE potential'!J$3:J$1080) -> 18023.24 | H9: =SUMIF(Rivers!$F$3:$F$1080,Summary_Region!$A9,'Extractable SGE potential'!K$3:K$1080) -> 17287.444 | I9: =SUMIF(Rivers!$F$3:$F$1080,Summary_Region!$A9,'Extractable SGE potential'!L$3:L$1080) -> 17245.79 | J9: =SUMIF(Rivers!$F$3:$F$1080,Summary_Region!$A9,'Extractable SGE potential'!M$3:M$1080) -> 17325.121 | ... M9: =SUMIF(Rivers!$F$3:$F$1080,Summary_Region!$A9,'Extractable SGE potential'!P$3:P$1080) -> 9034.6867 | N9: =AVERAGE(B9:M9) -> 11557.486
A10: Eastern Europe | B10: =SUMIF(Rivers!F$3:F$1080,Summary_Region!A10,'Extractable SGE potential'!E$3:E$1080) -> 6885.0941 | C10: =SUMIF(Rivers!$F$3:$F$1080,Summary_Region!$A10,'Extractable SGE potential'!F$3:F$1080) -> 6800.9553 | D10: =SUMIF(Rivers!$F$3:$F$1080,Summary_Region!$A10,'Extractable SGE potential'!G$3:G$1080) -> 7242.6744 | E10: =SUMIF(Rivers!$F$3:$F$1080,Summary_Region!$A10,'Extractable SGE potential'!H$3:H$1080) -> 7438.5914 | F10: =SUMIF(Rivers!$F$3:$F$1080,Summary_Region!$A10,'Extractable SGE potential'!I$3:I$1080) -> 7860.6336 | G10: =SUMIF(Rivers!$F$3:$F$1080,Summary_Region!$A10,'Extractable SGE potential'!J$3:J$1080) -> 8068.2549 | H10: =SUMIF(Rivers!$F$3:$F$1080,Summary_Region!$A10,'Extractable SGE potential'!K$3:K$1080) -> 8699.7204 | I10: =SUMIF(Rivers!$F$3:$F$1080,Summary_Region!$A10,'Extractable SGE potential'!L$3:L$1080) -> 8548.8522 | J10: =SUMIF(Rivers!$F$3:$F$1080,Summary_Region!$A10,'Extractable SGE potential'!M$3:M$1080) -> 8262.46 | ... M10: =SUMIF(Rivers!$F$3:$F$1080,Summary_Region!$A10,'Extractable SGE potential'!P$3:P$1080) -> 7202.7412 | N10: =AVERAGE(B10:M10) -> 7700.1939
A11: Western Africa | B11: =SUMIF(Rivers!F$3:F$1080,Summary_Region!A11,'Extractable SGE potential'!E$3:E$1080) -> 262.39614 | C11: =SUMIF(Rivers!$F$3:$F$1080,Summary_Region!$A11,'Extractable SGE potential'!F$3:F$1080) -> 267.82487 | D11: =SUMIF(Rivers!$F$3:$F$1080,Summary_Region!$A11,'Extractable SGE potential'!G$3:G$1080) -> 562.56988 | E11: =SUMIF(Rivers!$F$3:$F$1080,Summary_Region!$A11,'Extractable SGE potential'!H$3:H$1080) -> 827.05273 | F11: =SUMIF(Rivers!$F$3:$F$1080,Summary_Region!$A11,'Extractable SGE potential'!I$3:I$1080) -> 996.48791 | G11: =SUMIF(Rivers!$F$3:$F$1080,Summary_Region!$A11,'Extractable SGE potential'!J$3:J$1080) -> 1961.1226 | H11: =SUMIF(Rivers!$F$3:$F$1080,Summary_Region!$A11,'Extractable SGE potential'!K$3:K$1080) -> 3968.5039 | I11: =SUMIF(Rivers!$F$3:$F$1080,Summary_Region!$A11,'Extractable SGE potential'!L$3:L$1080) -> 4638.9428 | J11: =SUMIF(Rivers!$F$3:$F$1080,Summary_Region!$A11,'Extractable SGE potential'!M$3:M$1080) -> 4620.941 | ... M11: =SUMIF(Rivers!$F$3:$F$1080,Summary_Region!$A11,'Extractable SGE potential'!P$3:P$1080) -> 1138.7491 | N11: =AVERAGE(B11:M11) -> 2322.0423
A12: European Russia | B12: =SUMIF(Rivers!F$3:F$1080,Summary_Region!A12,'Extractable SGE potential'!E$3:E$1080) -> 4801.2663 | C12: =SUMIF(Rivers!$F$3:$F$1080,Summary_Region!$A12,'Extractable SGE potential'!F$3:F$1080) -> 7488.921 | D12: =SUMIF(Rivers!$F$3:$F$1080,Summary_Region!$A12,'Extractable SGE potential'!G$3:G$1080) -> 7590.7357 | E12: =SUMIF(Rivers!$F$3:$F$1080,Summary_Region!$A12,'Extractable SGE potential'!H$3:H$1080) -> 10323.673 | F12: =SUMIF(Rivers!$F$3:$F$1080,Summary_Region!$A12,'Extractable SGE potential'!I$3:I$1080) -> 12943.218 | G12: =SUMIF(Rivers!$F$3:$F$1080,Summary_Region!$A12,'Extractable SGE potential'!J$3:J$1080) -> 13092.84 | H12: =SUMIF(Rivers!$F$3:$F$1080,Summary_Region!$A12,'Extractable SGE potential'!K$3:K$1080) -> 12862.667 | I12: =SUMIF(Rivers!$F$3:$F$1080,Summary_Region!$A12,'Extractable SGE potential'!L$3:L$1080) -> 12160.615 | J12: =SUMIF(Rivers!$F$3:$F$1080,Summary_Region!$A12,'Extractable SGE potential'!M$3:M$1080) -> 12373.42 | ... M12: =SUMIF(Rivers!$F$3:$F$1080,Summary_Region!$A12,'Extractable SGE potential'!P$3:P$1080) -> 5780.0951 | N12: =AVERAGE(B12:M12) -> 10053.091
A13: Melanesia | B13: =SUMIF(Rivers!F$3:F$1080,Summary_Region!A13,'Extractable SGE potential'!E$3:E$1080) -> 5506.1389 | C13: =SUMIF(Rivers!$F$3:$F$1080,Summary_Region!$A13,'Extractable SGE potential'!F$3:F$1080) -> 5615.5902 | D13: =SUMIF(Rivers!$F$3:$F$1080,Summary_Region!$A13,'Extractable SGE potential'!G$3:G$1080) -> 5522.7088 | E13: =SUMIF(Rivers!$F$3:$F$1080,Summary_Region!$A13,'Extractable SGE potential'!H$3:H$1080) -> 5260.7214 | F13: =SUMIF(Rivers!$F$3:$F$1080,Summary_Region!$A13,'Extractable SGE potential'!I$3:I$1080) -> 5520.7746 | G13: =SUMIF(Rivers!$F$3:$F$1080,Summary_Region!$A13,'Extractable SGE potential'!J$3:J$1080) -> 5640.8517 | H13: =SUMIF(Rivers!$F$3:$F$1080,Summary_Region!$A13,'Extractable SGE potential'!K$3:K$1080) -> 5633.1484 | I13: =SUMIF(Rivers!$F$3:$F$1080,Summary_Region!$A13,'Extractable SGE potential'!L$3:L$1080) -> 5607.4543 | J13: =SUMIF(Rivers!$F$3:$F$1080,Summary_Region!$A13,'Extractable SGE potential'!M$3:M$1080) -> 5617.9756 | ... M13: =SUMIF(Rivers!$F$3:$F$1080,Summary_Region!$A13,'Extractable SGE potential'!P$3:P$1080) -> 5355.7638 | N13: =AVERAGE(B13:M13) -> 5534.9305
A14: Eastern Africa | B14: =SUMIF(Rivers!F$3:F$1080,Summary_Region!A14,'Extractable SGE potential'!E$3:E$1080) -> 9502.8445 | C14: =SUMIF(Rivers!$F$3:$F$1080,Summary_Region!$A14,'Extractable SGE potential'!F$3:F$1080) -> 9338.1647 | D14: =SUMIF(Rivers!$F$3:$F$1080,Summary_Region!$A14,'Extractable SGE potential'!G$3:G$1080) -> 9416.8181 | E14: =SUMIF(Rivers!$F$3:$F$1080,Summary_Region!$A14,'Extractable SGE potential'!H$3:H$1080) -> 8989.7443 | F14: =SUMIF(Rivers!$F$3:$F$1080,Summary_Region!$A14,'Extractable SGE potential'!I$3:I$1080) -> 4522.1998 | G14: =SUMIF(Rivers!$F$3:$F$1080,Summary_Region!$A14,'Extractable SGE potential'!J$3:J$1080) -> 3305.3633 | H14: =SUMIF(Rivers!$F$3:$F$1080,Summary_Region!$A14,'Extractable SGE potential'!K$3:K$1080) -> 2923.1343 | I14: =SUMIF(Rivers!$F$3:$F$1080,Summary_Region!$A14,'Extractable SGE potential'!L$3:L$1080) -> 2783.9864 | J14: =SUMIF(Rivers!$F$3:$F$1080,Summary_Region!$A14,'Extractable SGE potential'!M$3:M$1080) -> 2485.0171 | ... M14: =SUMIF(Rivers!$F$3:$F$1080,Summary_Region!$A14,'Extractable SGE potential'!P$3:P$1080) -> 7897.3724 | N14: =AVERAGE(B14:M14) -> 5630.7819
... A25: Micronesia | B25: =SUMIF(Rivers!F$3:F$1080,Summary_Region!A25,'Extractable SGE potential'!E$3:E$1080) -> 0.10565856 | C25: =SUMIF(Rivers!$F$3:$F$1080,Summary_Region!$A25,'Extractable SGE potential'!F$3:F$1080) -> 0.10267115 | D25: =SUMIF(Rivers!$F$3:$F$1080,Summary_Region!$A25,'Extractable SGE potential'!G$3:G$1080) -> 0.10227013 | E25: =SUMIF(Rivers!$F$3:$F$1080,Summary_Region!$A25,'Extractable SGE potential'!H$3:H$1080) -> 0.10238237 | F25: =SUMIF(Rivers!$F$3:$F$1080,Summary_Region!$A25,'Extractable SGE potential'!I$3:I$1080) -> 0.10184432 | G25: =SUMIF(Rivers!$F$3:$F$1080,Summary_Region!$A25,'Extractable SGE potential'!J$3:J$1080) -> 0.10163366 | H25: =SUMIF(Rivers!$F$3:$F$1080,Summary_Region!$A25,'Extractable SGE potential'!K$3:K$1080) -> 0.10163242 | I25: =SUMIF(Rivers!$F$3:$F$1080,Summary_Region!$A25,'Extractable SGE potential'!L$3:L$1080) -> 0.10165913 | J25: =SUMIF(Rivers!$F$3:$F$1080,Summary_Region!$A25,'Extractable SGE potential'!M$3:M$1080) -> 0.10115139 | ... M25: =SUMIF(Rivers!$F$3:$F$1080,Summary_Region!$A25,'Extractable SGE potential'!P$3:P$1080) -> 0.10175547 | N25: =AVERAGE(B25:M25) -> 0.10213815
